Player,HT,WT,Birth City,Draft Status,Nationality,PlayerID,Img,Age
Thomas Abercrombie,78,207,Auckland,2011 NBA Draft - Undrafted,New Zealand,1,,
Ben Allen,83,256,Melbourne,2010 NBA Draft - Undrafted,Australia,2,https://nbl.com.au/images/person-placeholder.svg,35
Myron Allen,71,181,Houston (TX),2004 NBA Draft - Undrafted,United States,3,,
Adam Ballinger,81,250,Bluffton (IN),2003 NBA Draft - Undrafted,United States,4,https://nbl.com.au/images/person-placeholder.svg,Unknown
Everard Bartlett,78,194,Hastings,2008 NBA Draft - Undrafted,New Zealand,5,https://img.wh.sportingpulseinternational.com/0f73f359c2bc26626a740f7df1d83b05S1.jpg,37
Aaron Beagley,75,0,,2010 NBA Draft - Undrafted,Australia,6,,
Todd Blanchfield,78,207,Mackay,2013 NBA Draft - Undrafted,Australia,7,https://se-img.dcd-production.i.geniussports.com/c02e53060d664f44c234f071f8d2f1c5L1.png,31
Josh Bloxham,74,180,Nelson,2012 NBA Draft - Undrafted,New Zealand,8,https://nbl.com.au/images/person-placeholder.svg,33
Anatoly Bose,78,200,Almaty,2011 NBA Draft - Undrafted,Kazakhstan & Australia,9,,
Dillon Boucher,77,211,New Plymouth,1997 NBA Draft - Undrafted,New Zealand,10,https://nbl.com.au/images/person-placeholder.svg,47
Dean Brebner,79,205,Camperdown,2006 NBA Draft - Undrafted,Australia,11,https://nbl.com.au/images/person-placeholder.svg,39
Aaron Bruce,75,185,Horsham,2008 NBA Draft - Undrafted,Australia,12,https://nbl.com.au/images/person-placeholder.svg,38
C.J. Bruton,74,195,Wichita (KS),1997 Rnd 2 Pick 24,United States & Australia,13,,
Matt Burston,81,227,Perth,2004 NBA Draft - Undrafted,Australia,14,,
Jason Cadee,74,161,Greenacre,2013 NBA Draft - Undrafted,Australia,15,https://se-img.dcd-production.i.geniussports.com/9578a1a627924e055475d2fbaf9f9b20L1.png,32.0
Mat Campbell,77,185,Bendigo,1998 NBA Draft - Undrafted,Australia,16,https://nbl.com.au/images/person-placeholder.svg,Unknown
Zac Carter,80,220,,2011 NBA Draft - Undrafted,New Zealand,17,https://nbl.com.au/images/person-placeholder.svg,Unknown
Robert Cassir,78,203,Perth,2013 NBA Draft - Undrafted,Australia,18,,
Joevan Catron,78,235,Harvey (IL),2011 NBA Draft - Undrafted,United States,19,,
Chris Cedar,73,176,Townsville,2010 NBA Draft - Undrafted,Australia,20,,
Michael Cedar,75,180,Townsville,2008 NBA Draft - Undrafted,Australia,21,https://nbl.com.au/images/person-placeholder.svg,Unknown
Tim Coenraad,79,220,Brisbane,2007 NBA Draft - Undrafted,Australia,22,https://se-img.dcd-production.i.geniussports.com/bcaa50b6f85366e40b3da1097b3385bbL1.png,37
Luke Cooper,72,165,Melbourne,2008 NBA Draft - Undrafted,Australia,23,,
Daryl Corletto,76,194,Melbourne,2003 NBA Draft - Undrafted,Australia,24,https://img.wh.sportingpulseinternational.com/1a96555f9843a86290a71afbabaf06feS1.jpg,41
Peter Crawford,76,200,Mount Isa,2001 NBA Draft - Undrafted,Australia,25,https://img.wh.sportingpulseinternational.com/73b3df19992f8a3e24dc1de5854b7e5eS1.jpg,43
Mitchell Creek,78,225,Horsham,2014 NBA Draft - Undrafted,Australia,26,https://se-img.dcd-production.i.geniussports.com/d44b277861ae1cf19e48f640d45ccda3L1.png,31.0
Nathan Crosswell,74,196,Ballina,2001 NBA Draft - Undrafted,Australia,27,https://nbl.com.au/images/person-placeholder.svg,43
Ian Crosswhite,84,250,Melbourne,2006 NBA Draft - Undrafted,Australia,28,https://nbl.com.au/images/person-placeholder.svg,40
Tom Daly,74,170,Adelaide,2013 NBA Draft - Undrafted,Australia,29,https://img.wh.sportingpulseinternational.com/e763fe82d9def2706cf2ee1a582a1cdbS1.jpg,32
Graeme Dann,79,216,Sydney,2005 NBA Draft - Undrafted,Australia,30,https://nbl.com.au/images/person-placeholder.svg,39
Larry Davidson,74,220,Gosford,2005 NBA Draft - Undrafted,Australia,31,https://nbl.com.au/images/person-placeholder.svg,Unknown
Adris DeLeon,71,165,Bronx (NY),2009 NBA Draft - Undrafted,United States & Dominican Republic,32,,
Zac Delaney,65,167,Wollongong,2012 NBA Draft - Undrafted,Australia,33,https://nbl.com.au/images/person-placeholder.svg,Unknown
Tyson Demos,75,176,Wollongong,2010 NBA Draft - Undrafted,Australia,34,https://nbl.com.au/images/person-placeholder.svg,Unknown
Daniel Dillon,75,197,Melbourne,2008 NBA Draft - Undrafted,Australia,35,https://img.wh.sportingpulseinternational.com/7906ece8e7f2a8d6bd06f8f1223e3112L1.png,37
Ronald Dorsey,78,205,Detroit (MI),2005 NBA Draft - Undrafted,United States,36,,
Jeffrey Dowdell,81,223,Cooma,2009 NBA Draft - Undrafted,Australia,37,,
Mike English,76,225,St. Louis (MO),2007 NBA Draft - Undrafted,United States,38,,
Oscar Forman,81,216,Adelaide,2004 NBA Draft - Undrafted,Australia,39,https://nbl.com.au/images/person-placeholder.svg,Unknown
Isaac Fotu,80,235,Auckland,2015 NBA Draft - Undrafted,New Zealand,40,,
Tom Garlepp,80,215,Perth,2009 NBA Draft - Undrafted,Australia,41,https://img.wh.sportingpulseinternational.com/81d793a9461f5b14073a4f864291b091S1.png,37
Deba George,72,0,Thursday Island,2007 NBA Draft - Undrafted,Australia,42,https://nbl.com.au/images/person-placeholder.svg,37
Adam Gibson,75,205,Launceston,2008 NBA Draft - Undrafted,Australia,43,https://img.wh.sportingpulseinternational.com/52cffb0d1c41b23643e49ba6a804ee62L1.png,36
Eddie Gill,72,190,Aurora (CO),2000 NBA Draft - Undrafted,United States,44,,
Showron Glover,71,160,Fresno (CA),2011 NBA Draft - Undrafted,United States,45,,
Chris Goulding,76,203,Launceston,2010 NBA Draft - Undrafted,Australia,46,https://se-img.dcd-production.i.geniussports.com/1ddb8547b6b9cfe4a2b10c0e458690a9L1.png,34.0
Aaron Grabau,77,216,Melbourne,2000 NBA Draft - Undrafted,Australia,47,https://nbl.com.au/images/person-placeholder.svg,45
Jerai Grant,80,220,Bowie (MD),2011 NBA Draft - Undrafted,United States,48,,
Tommy Greer,78,209,Melbourne,2005 NBA Draft - Undrafted,Australia,49,,
David Gruber,78,230,Solon (IA),2004 NBA Draft - Undrafted,United States,50,https://nbl.com.au/images/person-placeholder.svg,Unknown
Alex Gynes,78,200,Nowra,2011 NBA Draft - Undrafted,Australia,51,,
James Harvey,77,200,Subiaco,2001 NBA Draft - Undrafted,Australia,52,https://nbl.com.au/images/person-placeholder.svg,44
Wade Helliwell,83,265,Melbourne,2001 NBA Draft - Undrafted,Australia & United States,53,,
Leon Henry,79,220,Auckland,2007 NBA Draft - Undrafted,New Zealand,54,https://nbl.com.au/images/person-placeholder.svg,Unknown
Nathan Herbert,76,201,Geelong,2006 NBA Draft - Undrafted,Australia,55,https://nbl.com.au/images/person-placeholder.svg,38
Brad Hill,78,198,Hahndorf,2008 NBA Draft - Undrafted,Australia,56,https://img.wh.sportingpulseinternational.com/4c64332a4b10eee4f938f26f734ec0c0S1.jpg,36
Russell Hinder,82,242,Sydney,2001 NBA Draft - Undrafted,Australia,57,https://nbl.com.au/images/person-placeholder.svg,Unknown
Greg Hire,77,225,Perth,2009 NBA Draft - Undrafted,Australia,58,https://img.wh.sportingpulseinternational.com/4ee6341be5e336a0a9fb0e2fa8eacc6fS1.png,35
Stephen Hoare,79,220,Melbourne,1997 NBA Draft - Undrafted,Australia,59,https://nbl.com.au/images/person-placeholder.svg,Unknown
Jacob Holmes,79,207,Adelaide,2005 NBA Draft - Undrafted,Australia,60,https://nbl.com.au/images/person-placeholder.svg,Unknown
Will Hudson,81,233,Madison (WI),2011 NBA Draft - Undrafted,United States,61,https://nbl.com.au/images/person-placeholder.svg,34
Martin Iti,82,240,Sydney,2008 NBA Draft - Undrafted,Australia,62,,
Cedric Jackson,75,190,Alamogordo (NM),2009 NBA Draft - Undrafted,United States,63,https://nbl.com.au/images/person-placeholder.svg,Unknown
Daniel Jackson,79,220,Wollongong,2010 NBA Draft - Undrafted,Australia,64,https://nbl.com.au/images/person-placeholder.svg,Unknown
Daniel Johnson,82,215,Perth,2009 NBA Draft - Undrafted,Australia,65,https://se-img.dcd-production.i.geniussports.com/68d02d39e21edaeb7268feca6b0e8425L1.png,35.0
Tanner Kerry,81,225,Newport Beach (CA),2012 NBA Draft - Undrafted,United States & Australia,66,,
Julian Khazzouh,82,220,Melbourne,2008 NBA Draft - Undrafted,Australia,67,https://img.wh.sportingpulseinternational.com/cd618dc7aa3e353f4df86d47f012fe54S1.jpg,37
Matthew Knight,81,240,Burnie,2007 NBA Draft - Undrafted,Australia,68,,
Tim Lang,81,250,Melbourne,2009 NBA Draft - Undrafted,Australia,69,https://nbl.com.au/images/person-placeholder.svg,Unknown
Bennie Lewis,79,205,Melbourne,2009 NBA Draft - Undrafted,Australia,70,https://nbl.com.au/images/person-placeholder.svg,Unknown
Kevin Lisch,74,190,Belleville (IL),2009 NBA Draft - Undrafted,United States & Australia,71,https://img.wh.sportingpulseinternational.com/75db78ea434cf2e9d4d6e0d896086a55L1.png,36
Alex Loughton,81,240,Perth,2006 NBA Draft - Undrafted,Australia,72,https://img.wh.sportingpulseinternational.com/216f619faab1562e20f40883f4edf124S1.png,40
Ben Madgen,76,182,Williamstown,2007 NBA Draft - Undrafted,Australia,73,https://img.wh.sportingpulseinternational.com/0b906beb97ae9f8fda474836319fd499L1.png,38
Damian Martin,74,200,Gloucester,2008 NBA Draft - Undrafted,Australia,74,https://img.wh.sportingpulseinternational.com/313401647a7a4438db001b19dd2e504aL1.png,38
Luke Martin,71,165,Sydney,2005 NBA Draft - Undrafted,Australia,75,https://nbl.com.au/images/person-placeholder.svg,42
Rhys Martin,76,174,Brisbane,2008 NBA Draft - Undrafted,Australia,76,https://nbl.com.au/images/person-placeholder.svg,Unknown
Shane McDonald,74,0,Nhill,2007 NBA Draft - Undrafted,Australia,77,https://img.wh.sportingpulseinternational.com/1139cde6f9065bdaf5e5b0a6a66c18edS1.jpg,37
Patty Mills,72,180,Canberra,2009 Rnd 2 Pick 25,Australia,78,,
Elvin Mims,77,205,Pensacola (FL),2002 NBA Draft - Undrafted,United States,79,,
James Mitchell,76,0,Cairns,2013 NBA Draft - Undrafted,Australia,80,https://nbl.com.au/images/person-placeholder.svg,32
Donavan Monroe,74,205,Waxhaw (NC),2011 NBA Draft - Undrafted,United States,81,,
Morgan Natanahira,78,0,Queenstown,2013 NBA Draft - Undrafted,New Zealand,82,https://nbl.com.au/images/person-placeholder.svg,32
Luke Nevill,86,265,Perth,2009 NBA Draft - Undrafted,Australia,83,https://nbl.com.au/images/person-placeholder.svg,Unknown
Darren Ng,74,170,Adelaide,2005 NBA Draft - Undrafted,Australia,84,https://nbl.com.au/images/person-placeholder.svg,39
Karl Nilsson,76,0,,2012 NBA Draft - Undrafted,Australia & Sweden,85,,
Mitchell Norton,73,188,Thuringowa,2015 NBA Draft - Undrafted,Australia,86,,
Owen Odigie,77,205,Carlton,2015 NBA Draft - Undrafted,Australia,87,https://img.wh.sportingpulseinternational.com/83232a89916ad7707c3a35853f4db116S1.jpg,30
Anthony Petrie,80,220,Tenterfield,2005 NBA Draft - Undrafted,Australia,88,https://img.wh.sportingpulseinternational.com/e992ed580307d80930d742ed94c93aabS1.png,39
Mitch Philp,73,0,,2011 NBA Draft - Undrafted,Australia,89,,
Alex Pledger,84,245,Blenheim,2009 NBA Draft - Undrafted,New Zealand,90,https://img.wh.sportingpulseinternational.com/305ade05dc44b6b3ca6b00340368903dL1.png,36
Dion Prewster,77,205,Wellington,2012 NBA Draft - Undrafted,New Zealand,91,https://img.wh.sportingpulseinternational.com/cd9b901cf0d3560471495ea9308ae24eL1.png,33
Ben Purser,79,209,Perth,2012 NBA Draft - Undrafted,Australia,92,https://nbl.com.au/images/person-placeholder.svg,33
Kevin Ratzsch,79,205,Bloomington (IL),2009 NBA Draft - Undrafted,United States,93,,
Shawn Redhage,80,225,Lincoln (NE),2003 NBA Draft - Undrafted,United States & Australia,94,https://img.wh.sportingpulseinternational.com/09a2f8cfe034f33ba317ccc87133526cS1.jpg,42
Brad Robbins,78,198,Melbourne,2007 NBA Draft - Undrafted,Australia,95,https://nbl.com.au/images/person-placeholder.svg,38
Liam Rush,78,207,Broome,2004 NBA Draft - Undrafted,United States,96,https://nbl.com.au/images/person-placeholder.svg,Unknown
Dusty Rychart,79,210,Grand Rapids (MI),2002 NBA Draft - Undrafted,United States,97,https://nbl.com.au/images/person-placeholder.svg,44
Glen Saville,78,214,Bendigo,1998 NBA Draft - Undrafted,Australia,98,https://nbl.com.au/images/person-placeholder.svg,Unknown
Luke Schenscher,85,255,Hope Forest,2005 NBA Draft - Undrafted,Australia,99,https://nbl.com.au/images/person-placeholder.svg,Unknown
Diamon Simpson,79,230,Hayward (CA),2009 NBA Draft - Undrafted,United States,100,,
Brendan Teys,74,181,Adelaide,2012 NBA Draft - Undrafted,Australia,101,https://img.wh.sportingpulseinternational.com/1caf04023b77b55269eb700aa9d16174L1.png,33
Cameron Tovey,78,187,George Town,2007 NBA Draft - Undrafted,Australia,102,https://nbl.com.au/images/person-placeholder.svg,37
Cameron Tragardh,82,225,Brisbane,2006 NBA Draft - Undrafted,Australia,103,https://img.wh.sportingpulseinternational.com/2d6ef7fd1604f9dd473e75ec64820c80S1.jpg,39
Jeremiah Trueman,80,210,Stratford,2009 NBA Draft - Undrafted,New Zealand,104,https://nbl.com.au/images/person-placeholder.svg,35
Keegan Tudehope,75,187,Townsville,2010 NBA Draft - Undrafted,Australia,105,https://nbl.com.au/images/person-placeholder.svg,Unknown
Ayinde Ubaka,76,210,Oakland (CA),2007 NBA Draft - Undrafted,United States,106,https://nbl.com.au/images/person-placeholder.svg,Unknown
Greg Vanderjagt,84,251,Kempsey,2006 NBA Draft - Undrafted,Australia,107,https://nbl.com.au/images/person-placeholder.svg,Unknown
Michael Vigor,81,218,Aberdeen,2012 NBA Draft - Undrafted,Scotland,108,https://nbl.com.au/images/person-placeholder.svg,32
Mika Vukona,78,210,Suva,2004 NBA Draft - Undrafted,New Zealand,109,https://img.wh.sportingpulseinternational.com/285ea073b38c8d0baa0ad4d685d2fafcL1.png,40
Jesse Wagstaff,80,216,Canberra,2008 NBA Draft - Undrafted,Australia,110,https://se-img.dcd-production.i.geniussports.com/f38a80153e5fae84c5890d3c927c8901L1.png,37
Lucas Walker,80,225,Launceston,2009 NBA Draft - Undrafted,Australia,111,https://img.wh.sportingpulseinternational.com/ad2d4396f7808bf5f38b860af61b2c7bL1.png,38
Jan Warbout,79,201,Adelaide,2013 NBA Draft - Undrafted,Australia,112,https://nbl.com.au/images/person-placeholder.svg,32
Andrew Warren,78,210,Indianapolis (IN),2011 NBA Draft - Undrafted,United States,113,,
Chris Warren,70,167,Orlando (FL),2011 NBA Draft - Undrafted,United States,114,,
Stephen Weigh,78,220,Mount Isa,2009 NBA Draft - Undrafted,Australia,115,https://img.wh.sportingpulseinternational.com/9f505895c0b588a1dce0e5ade04a91d8S1.png,36
Josh Wilcher,70,187,Notting Hill,2012 NBA Draft - Undrafted,Australia,116,,
Gary Wilkinson,81,240,Salt Lake City (UT),2009 NBA Draft - Undrafted,United States,117,https://nbl.com.au/images/person-placeholder.svg,40
Kerry Williams,71,0,Cairns,2009 NBA Draft - Undrafted,Australia,118,https://nbl.com.au/images/person-placeholder.svg,35
Drew Williamson,76,200,Thornleigh,2006 NBA Draft - Undrafted,Australia,119,https://nbl.com.au/images/person-placeholder.svg,39
John Williamson,79,225,Columbus (OH),2008 NBA Draft - Undrafted,United States,120,,
Jamar Wilson,73,185,Bronx (NY),2007 NBA Draft - Undrafted,United States & Finland,121,https://img.wh.sportingpulseinternational.com/ae62b3743b082ef556a002950d7dcf77S1.jpg,39
Mark Worthington,80,230,Bunbury,2005 NBA Draft - Undrafted,Australia,122,https://img.wh.sportingpulseinternational.com/e5afba142bd0b4b64d8f0a810e8aab92S1.jpg,39
Tom Wright,74,0,,2011 NBA Draft - Undrafted,Australia,123,,
Larry Abney,80,235,Nyack (NY),2000 NBA Draft - Undrafted,United States,124,https://nbl.com.au/images/person-placeholder.svg,Unknown
Matthew Andronicos,82,0,Sydney,2013 NBA Draft - Undrafted,Australia,125,https://nbl.com.au/images/person-placeholder.svg,31
Kyle Armour,72,185,Perth,2013 NBA Draft - Undrafted,Australia,126,https://nbl.com.au/images/person-placeholder.svg,34
Alex Beagley,76,0,,2014 NBA Draft - Undrafted,Australia,127,https://nbl.com.au/images/person-placeholder.svg,Unknown
Kevin Braswell,74,190,Baltimore (MD),2002 NBA Draft - Undrafted,United States,128,https://nbl.com.au/images/person-placeholder.svg,Unknown
Shaun Bruce,76,181,Horsham,2013 NBA Draft - Undrafted,Australia,129,https://se-img.dcd-production.i.geniussports.com/709358beff2f195d96c969662301e344L1.png,32
Rhys Carter,75,185,Sale,2006 NBA Draft - Undrafted,Australia,130,https://img.wh.sportingpulseinternational.com/e8dd8890e5dd70c9d8e7b0dee668eb63S1.jpg,39
Scott Christopherson,75,195,Krasnodar,2012 NBA Draft - Undrafted,United States,131,https://nbl.com.au/images/person-placeholder.svg,33
Michael Demertze,77,0,,2016 NBA Draft - Undrafted,Australia,132,,
Mirko Djeric,74,180,Canberra,2017 NBA Draft - Undrafted,Australia,133,https://se-img.dcd-production.i.geniussports.com/3cd18e85d63b03f804c9cbc9b7bb4ae3L1.png,28
Mike Dunigan,82,245,Chicago (IL),2011 NBA Draft - Undrafted,United States,134,https://nbl.com.au/images/person-placeholder.svg,33
Shane Edwards,79,220,Gilbert (AZ),2009 NBA Draft - Undrafted,United States,135,https://nbl.com.au/images/person-placeholder.svg,35
Gary Ervin,71,180,Brooklyn (NY),2008 NBA Draft - Undrafted,United States,136,https://nbl.com.au/images/person-placeholder.svg,Unknown
Gavin Fields,79,194,Perth,2012 NBA Draft - Undrafted,Australia,137,,
Jonny Flynn,70,196,Niagara Falls (NY),2009 Rnd 1 Pick 6,United States,138,https://nbl.com.au/images/person-placeholder.svg,Unknown
Jason Forte,77,220,Bay Springs (MS),2006 NBA Draft - Undrafted,United States,139,,
Cameron Gliddon,77,190,Bunbury,2012 NBA Draft - Undrafted,Australia,140,https://se-img.dcd-production.i.geniussports.com/709b6efec09ceb15a04a7bf9d078177cL1.png,33
Malcolm Grant,73,188,Brooklyn (NY),2012 NBA Draft - Undrafted,United States,141,https://nbl.com.au/images/person-placeholder.svg,Unknown
Corin Henry,70,170,Randallstown (MD),2011 NBA Draft - Undrafted,United States,142,https://nbl.com.au/images/person-placeholder.svg,34
Lance Hurdle,74,195,San Diego (CA),2009 NBA Draft - Undrafted,United States,143,https://nbl.com.au/images/person-placeholder.svg,Unknown
Trian Iliadis,75,185,Perth,2012 NBA Draft - Undrafted,Australia,144,https://nbl.com.au/images/person-placeholder.svg,33
Callum Jenkins,75,187,Cairns,2010 NBA Draft - Undrafted,Australia,145,https://nbl.com.au/images/person-placeholder.svg,35
Daniel Joyce,77,0,,2009 NBA Draft - Undrafted,Australia,146,https://img.wh.sportingpulseinternational.com/2ea07fa776133018895cf8fe7ce446cbS1.jpg,35
Darnell Lazare,80,240,Baton Rouge (LA),2007 NBA Draft - Undrafted,United States,147,https://nbl.com.au/images/person-placeholder.svg,38
Alister MacDonald,73,0,,2014 NBA Draft - Undrafted,Australia,148,,
Auryn MacMillan,80,235,Melbourne,2010 NBA Draft - Undrafted,Australia,149,https://img.wh.sportingpulseinternational.com/72461e7d13f9b3f2ecc60a7aa9adf26dS1.jpg,36
C.J. Massingale,75,210,Tacoma (WA),2004 NBA Draft - Undrafted,United States,150,,
Josh Myles,70,0,,2016 NBA Draft - Undrafted,Australia,151,,
A.J. Ogilvy,83,250,Sydney,2010 NBA Draft - Undrafted,Australia,152,,
Seth Scott,81,215,Orem (UT),2004 NBA Draft - Undrafted,United States,153,https://nbl.com.au/images/person-placeholder.svg,Unknown
Clinton Steindl,79,195,Mackay,2012 NBA Draft - Undrafted,Australia,154,,
Reuben Te Rangi,79,188,Otahuhu,2016 NBA Draft - Undrafted,New Zealand,155,https://se-img.dcd-production.i.geniussports.com/875b5162f68c1b4ad70274342c206deaL1.png,28
Nate Tomlinson,75,185,Sydney,2012 NBA Draft - Undrafted,Australia,156,https://img.wh.sportingpulseinternational.com/59d52f6eb5f84cc267418be0a1b68366S1.jpg,33
Pero Vasiljevic,79,254,Adelaide,2000 NBA Draft - Undrafted,Australia,157,https://nbl.com.au/images/person-placeholder.svg,45
Corey Webster,74,190,Auckland,2010 NBA Draft - Undrafted,New Zealand,158,https://se-img.dcd-production.i.geniussports.com/d370af2ac91aec0c025173ccecea0632L1.png,34.0
Tai Webster,74,180,Auckland,2017 NBA Draft - Undrafted,New Zealand,159,https://se-img.dcd-production.i.geniussports.com/4c891bf8b7e9ee8e6d9ce9f8430fbf3cL1.png,27
Jarrad Weeks,73,176,Melbourne,2011 NBA Draft - Undrafted,Australia,160,https://se-img.dcd-production.i.geniussports.com/71b90c6ee8eac1e20d7334164b35c7d1L1.png,33
Kevin White,76,200,Manly,2011 NBA Draft - Undrafted,Australia,161,https://se-img.dcd-production.i.geniussports.com/e28466773ab1bce9c819f6c81e23c79bL1.png,36
Curtis Withers,80,230,Charlotte (NC),2006 NBA Draft - Undrafted,United States,162,,
Mitchell Young,81,235,Coffs Harbour,2013 NBA Draft - Undrafted,Australia,163,https://img.wh.sportingpulseinternational.com/fce05419f97de0a4b9e9ef907f866061S1.png,32
Kyle Adnam,73,185,Melbourne,2015 NBA Draft - Undrafted,Australia,164,https://se-img.dcd-production.i.geniussports.com/18929819dcee67bb7a42eba5553bc847L1.png,29
B.J. Anthony,78,200,Auckland,2010 NBA Draft - Undrafted,New Zealand,165,,
Duane Bailey,79,227,Auckland,2013 NBA Draft - Undrafted,New Zealand,166,https://img.wh.sportingpulseinternational.com/0e13a8524623790b9b931724ca6cbf1cS1.jpg,31
Jordan Barry,77,0,,2014 NBA Draft - Undrafted,Australia,167,https://nbl.com.au/images/person-placeholder.svg,Unknown
Jermaine Beal,75,205,DeSoto (TX),2010 NBA Draft - Undrafted,United States,168,https://img.wh.sportingpulseinternational.com/42dca7fd9eb3f3b6847f33e39ba3c244S1.jpg,35
Louis Brandt,0,0,,2014 NBA Draft - Undrafted,Australia,169,,
Erik Burdon,75,0,,2007 NBA Draft - Undrafted,Australia,170,https://nbl.com.au/images/person-placeholder.svg,38
Alonzo Burton,76,183,New Plymouth,2015 NBA Draft - Undrafted,New Zealand,171,https://nbl.com.au/images/person-placeholder.svg,27
Charles Carmouche,75,185,New Orleans (LA),2013 NBA Draft - Undrafted,United States,172,https://nbl.com.au/images/person-placeholder.svg,32
Rotnei Clarke,72,184,Claremore (OK),2013 NBA Draft - Undrafted,United States,173,https://nbl.com.au/images/person-placeholder.svg,Unknown
Brian Conklin,78,230,Eugene (OR),2012 NBA Draft - Undrafted,United States,174,https://nbl.com.au/images/person-placeholder.svg,Unknown
Dominique Cooks,76,200,Ballarat,2013 NBA Draft - Undrafted,United States & Australia,175,,
Solomon Dech,73,0,,2014 NBA Draft - Undrafted,Australia,176,,
Stephen Dennis,78,180,West Chester (PA),2010 NBA Draft - Undrafted,United States,177,https://img.wh.sportingpulseinternational.com/043ed756c7a963e8e682a706451ef701S1.jpg,35
Adam Doyle,69,180,Sydney,2013 NBA Draft - Undrafted,Australia,178,https://img.wh.sportingpulseinternational.com/8a0ca5c767bdf5c85e52510020453062L1.png,31
Cody Ellis,80,245,Subiaco,2013 NBA Draft - Undrafted,Australia,179,https://nbl.com.au/images/person-placeholder.svg,Unknown
James Ennis,78,215,Ventura (CA),2013 Rnd 2 Pick 20,United States,180,https://nbl.com.au/images/person-placeholder.svg,32
Mustapha Farrakhan,76,180,Chicago (IL),2011 NBA Draft - Undrafted,United States,181,https://nbl.com.au/images/person-placeholder.svg,Unknown
Anthony Fisher,74,172,Ballarat,2016 NBA Draft - Undrafted,Australia,182,https://img.wh.sportingpulseinternational.com/1807926eca509e57f9da492a3de52e55L1.png,29
Casey Frank,80,232,Port Jefferson (NY),1999 NBA Draft - Undrafted,United States & New Zealand,183,,
Jarrid Frye,77,207,Queens (NY),2007 NBA Draft - Undrafted,United States,184,https://nbl.com.au/images/person-placeholder.svg,37
Shaun Gleeson,75,0,Cairns,2008 NBA Draft - Undrafted,Australia,185,https://nbl.com.au/images/person-placeholder.svg,36
Shane Harris-Tunks,83,250,Greenacre,2014 NBA Draft - Undrafted,Australia,186,https://nbl.com.au/images/person-placeholder.svg,Unknown
Luke Jamieson,79,205,,2016 NBA Draft - Undrafted,Australia,187,https://nbl.com.au/images/person-placeholder.svg,Unknown
Tom Jervis,84,230,Perth,2009 NBA Draft - Undrafted,Australia,188,https://img.wh.sportingpulseinternational.com/d1da69f55d826cd7f2344e9c9aac9d47L1.png,36
Kerron Johnson,73,175,Huntsville (AL),2013 NBA Draft - Undrafted,United States,189,https://nbl.com.au/images/person-placeholder.svg,32
Scott Kenny,78,0,Sunshine Coast,2013 NBA Draft - Undrafted,Australia,190,https://nbl.com.au/images/person-placeholder.svg,Unknown
Steven Markovic,74,200,Sydney,2007 NBA Draft - Undrafted,Australia,191,https://img.wh.sportingpulseinternational.com/a4fe0375251b26bc42f46d5075cd08bcS1.jpg,38
Mathiang Mauot Muo,77,217,Sydney,2013 NBA Draft - Undrafted,Australia & South Sudan,192,,
Demetri McCamey,75,205,Bellwood (IL),2011 NBA Draft - Undrafted,United States,193,https://nbl.com.au/images/person-placeholder.svg,34
Scott Morrison,84,224,Vancouver,2008 NBA Draft - Undrafted,Canada,194,https://nbl.com.au/images/person-placeholder.svg,Unknown
Josh Pace,78,203,Griffin (GA),2005 NBA Draft - Undrafted,United States,195,,
Greg Page,75,0,,2016 NBA Draft - Undrafted,Australia,196,https://nbl.com.au/images/person-placeholder.svg,29
Jarrad Prue,78,0,,2004 NBA Draft - Undrafted,Australia,197,https://nbl.com.au/images/person-placeholder.svg,41
Brooke Ruscoe,75,189,Wellington,2012 NBA Draft - Undrafted,New Zealand,198,,
Jack Salt,82,250,Auckland,2019 NBA Draft - Undrafted,New Zealand,199,https://img.wh.sportingpulseinternational.com/d9bca8bb671b7557c965162a959435d3L1.png,27
Jesse Sanders,75,200,Sugar Land (TX),2012 NBA Draft - Undrafted,United States,200,https://nbl.com.au/images/person-placeholder.svg,33
Damien Scott,76,0,,2014 NBA Draft - Undrafted,Australia,201,https://nbl.com.au/images/person-placeholder.svg,30
Daniel Sims,74,188,Brisbane,2014 NBA Draft - Undrafted,Australia,202,https://nbl.com.au/images/person-placeholder.svg,30
Durrell Summers,76,205,Detroit (MI),2011 NBA Draft - Undrafted,United States,203,,
Kevin Tiggs,77,220,Flint (MI),2009 NBA Draft - Undrafted,United States,204,https://nbl.com.au/images/person-placeholder.svg,Unknown
Louis Timms,81,0,Perth,2013 NBA Draft - Undrafted,Australia,205,https://nbl.com.au/images/person-placeholder.svg,31
James Trustum,76,192,Sydney,2016 NBA Draft - Undrafted,Australia,206,https://nbl.com.au/images/person-placeholder.svg,29
Drake U'u,77,215,Sacramento (CA),2013 NBA Draft - Undrafted,United States,207,,
Luuk Wittiveen,75,0,Auckland,2016 NBA Draft - Undrafted,New Zealand,208,https://nbl.com.au/images/person-placeholder.svg,27
Sam Young,78,225,Washington (DC),2009 Rnd 2 Pick 6,United States & Lebanon,209,https://nbl.com.au/images/person-placeholder.svg,38
Marco Alexander,73,180,Skopje,2013 NBA Draft - Undrafted,North Macedonia & New Zealand,210,https://nbl.com.au/images/person-placeholder.svg,31
Yuat Alok,83,211,Auckland,2022 NBA Draft - Undrafted,Australia & Kenya,211,https://nbl.com.au/images/person-placeholder.svg,26
Brad Anderson,76,0,,2014 NBA Draft - Undrafted,New Zealand,212,https://nbl.com.au/images/person-placeholder.svg,31
Atem Atem,80,0,,2013 NBA Draft - Undrafted,South Sudan,213,https://nbl.com.au/images/person-placeholder.svg,31
David Barlow,81,210,Melbourne,2005 NBA Draft - Undrafted,Australia,214,https://se-img.dcd-production.i.geniussports.com/4c08564e454616daf953650202571ac2L1.png,39
Angus Brandt,82,246,Sydney,2014 NBA Draft - Undrafted,Australia,215,https://img.wh.sportingpulseinternational.com/bccf2b2fa1f56743a445a9fd307ead6cS1.png,33
Jahii Carson,70,180,Phoenix (AZ),2014 NBA Draft - Undrafted,United States,216,https://nbl.com.au/images/person-placeholder.svg,Unknown
Josh Childress,80,210,Harbor City (IL),2004 Rnd 1 Pick 6,United States,217,https://img.wh.sportingpulseinternational.com/a6291fd3447e2e176c9e1fb90a79b355L1.jpg,39
Madol Chol,79,0,,2016 NBA Draft - Undrafted,South Sudan,218,https://nbl.com.au/images/person-placeholder.svg,Unknown
Ashley Constable,74,186,Horsham,2015 NBA Draft - Undrafted,Australia,219,https://img.wh.sportingpulseinternational.com/cecc933d1585860d646cb5e8b4323857S1.png,29
Torrey Craig,79,221,Rock Hill (SC),2014 NBA Draft - Undrafted,United States,220,https://img.wh.sportingpulseinternational.com/56804204de105e3c3af2fa0b47653501S1.jpg,32
DeAndre Daniels,81,196,Woodland Hills (CA),2014 Rnd 2 Pick 7,United States,221,https://img.wh.sportingpulseinternational.com/23366a6aa5106db629847dad77e068ccS1.jpg,31
Ben Dixon,73,0,,2015 NBA Draft - Undrafted,Australia,222,https://nbl.com.au/images/person-placeholder.svg,29
Josh Duinker,83,230,Sydney,2012 NBA Draft - Undrafted,Australia,223,https://img.wh.sportingpulseinternational.com/9fd0ba46794c7b571e3d8fa4eb4df7ccS1.jpg,34
Richie Edwards,79,220,Amsterdam (NY),2014 NBA Draft - Undrafted,United States & New Zealand,224,https://nbl.com.au/images/person-placeholder.svg,32
Mickell Gladness,83,220,Birmingham (AL),2008 NBA Draft - Undrafted,United States,225,https://nbl.com.au/images/person-placeholder.svg,Unknown
Damon Heuir,74,200,Townsville,2013 NBA Draft - Undrafted,Australia,226,https://img.wh.sportingpulseinternational.com/00e085dbf414a44e36703d3033309bebS1.png,31
Nick Horvath,82,250,Shoreview (MN),2004 NBA Draft - Undrafted,United States & New Zealand,227,https://nbl.com.au/images/person-placeholder.svg,42
Tom Howard,79,0,,2017 NBA Draft - Undrafted,Australia,228,https://nbl.com.au/images/person-placeholder.svg,Unknown
Brian Ibekwe,81,220,Los Angeles (CA),2007 NBA Draft - Undrafted,United States & Nigeria,229,,
Shea Ili,72,187,Auckland,2014 NBA Draft - Undrafted,New Zealand,230,https://se-img.dcd-production.i.geniussports.com/1acbe95ecea8aaa00580a9f23216ddb2L1.png,30
Sam Johns,72,194,Adelaide,2013 NBA Draft - Undrafted,Australia,231,https://nbl.com.au/images/person-placeholder.svg,28
Daniel Kickert,82,250,Melbourne,2006 NBA Draft - Undrafted,Australia,232,https://img.wh.sportingpulseinternational.com/9760079a767c0642334c30c5b55056e4L1.png,39
Nelson Larkins,71,200,,2018 NBA Draft - Undrafted,Australia,233,https://img.wh.sportingpulseinternational.com/7e9d03c7de237a320bc6bdc5b3eca49aS1.png,27
Corey Maynard,75,185,Adelaide,2014 NBA Draft - Undrafted,Australia,234,https://nbl.com.au/images/person-placeholder.svg,Unknown
Jordan McRae,77,179,Savannah (GA),2014 Rnd 2 Pick 28,United States,235,https://img.wh.sportingpulseinternational.com/26d1b60c8b12467bdbad78f1689bfe4aS1.jpg,32
Daequon Montreal,79,229,Syracuse (NY),2011 NBA Draft - Undrafted,United States,236,https://nbl.com.au/images/person-placeholder.svg,35
Brock Motum,82,235,Sunnybank,2013 NBA Draft - Undrafted,Australia,237,https://nbl.com.au/images/person-placeholder.svg,32
Jordan Ngatai,79,215,Wellington,2015 NBA Draft - Undrafted,New Zealand,238,https://img.wh.sportingpulseinternational.com/e820374604fd8226b57b6f43a0b44625L1.png,30
Chris Patton,82,246,Melbourne,2014 NBA Draft - Undrafted,Australia,239,https://img.wh.sportingpulseinternational.com/b604b829a2169e80446ee090be294127S1.png,31
Kendrick Perry,72,180,Ocoee (FL),2014 NBA Draft - Undrafted,United States & Montenegro,240,https://img.wh.sportingpulseinternational.com/6c8cc3ee6709f0f7a8e1d6b13856df79S1.jpg,30
Earnest Ross,78,227,Chicago (IL),2014 NBA Draft - Undrafted,United States & Guam,241,https://img.wh.sportingpulseinternational.com/44cc48ade54e049e53ea0a2103d75737S1.jpg,32
Nathan Sobey,75,185,Warrnambool,2014 NBA Draft - Undrafted,Australia,242,https://se-img.dcd-production.i.geniussports.com/3dd538d7d7425e554c53395fb5a4044aL1.png,32.0
Rhys Vague,80,210,Perth,2018 NBA Draft - Undrafted,Australia,243,https://img.wh.sportingpulseinternational.com/767334ded01d63fcfc990de0f1b7c92fL1.png,26
Tai Wesley,79,240,Provo (UT),2011 NBA Draft - Undrafted,United States & Guam,244,https://img.wh.sportingpulseinternational.com/7870af79d58f21723dad7eab2ed06b4eL1.png,36
Scottie Wilbekin,74,176,Gainesville (FL),2014 NBA Draft - Undrafted,United States & Turkey,245,https://img.wh.sportingpulseinternational.com/c1261f3b3f14eda396136882875054bbS1.jpg,30
Tai Wynyard,82,228,Auckland,2019 NBA Draft - Undrafted,New Zealand,246,https://nbl.com.au/images/person-placeholder.svg,25
Daniel Carlin,81,245,Rose Park,2015 NBA Draft - Undrafted,Australia,247,https://img.wh.sportingpulseinternational.com/1e828e310f7a9ac00e961ec277b251c4S1.jpg,30
Finn Delany,79,225,Nelson,2016 NBA Draft - Undrafted,New Zealand,248,https://img.wh.sportingpulseinternational.com/b277e87c53f946b186509aa12cd36416L1.png,27
Ebi Ere,77,215,Tulsa (OK),2003 NBA Draft - Undrafted,United States & Nigeria,249,https://img.wh.sportingpulseinternational.com/d8eab451c2db445b99ca8280ba99f92eS1.jpg,41
Indiana Faithfull,76,195,Castlecrag,2015 NBA Draft - Undrafted,Australia,250,https://nbl.com.au/images/person-placeholder.svg,Unknown
Harry Froling,83,250,Townsville,2019 NBA Draft - Undrafted,Australia,251,https://se-img.dcd-production.i.geniussports.com/9ea9c0c9555fd9a12c488b3819d3005dL1.png,25
Emmanuel Golong,75,205,,2015 NBA Draft - Undrafted,Australia,252,https://nbl.com.au/images/person-placeholder.svg,30
Hugh Greenwood,75,205,Hobart,2015 NBA Draft - Undrafted,Australia,253,,
Igor Hadziomerovic,76,207,Sarajevo,2015 NBA Draft - Undrafted,Australia,254,https://img.wh.sportingpulseinternational.com/37e915782708e39d0115c2f262d444f8S1.jpg,31
Al Harrington,81,245,Orange (NJ),1998 Rnd 1 Pick 25,United States,255,https://nbl.com.au/images/person-placeholder.svg,43
Jeromie Hill,80,250,Cairns,2015 NBA Draft - Undrafted,Australia,256,https://img.wh.sportingpulseinternational.com/1a943628e9c8061064cb1e8b17dc211bS1.jpg,32
Jayden Hodgson,75,185,Gosford,2020 NBA Draft - Undrafted,Australia,257,https://img.wh.sportingpulseinternational.com/50dda66f96245d8fa9cdaccd03640742L1.png,25
Matt Hodgson,83,255,Ipswich,2014 NBA Draft - Undrafted,Australia,258,,
Stephen Holt,76,195,Portland (OR),2014 NBA Draft - Undrafted,United States,259,https://img.wh.sportingpulseinternational.com/538c1ec3eff31b5a5ec86cbc8f701c88S1.png,31
Charles Jackson,82,225,Sacramento (CA),2015 NBA Draft - Undrafted,United States,260,https://img.wh.sportingpulseinternational.com/861db9f2f93753635550b7aece3393c7S1.jpg,29
Garrett Jackson,77,225,Portland (OR),2015 NBA Draft - Undrafted,United States,261,https://img.wh.sportingpulseinternational.com/39645655750ce3edd69333b948a25963S1.jpg,31
Damion James,79,225,Hobbs (NM),2010 Rnd 1 Pick 24,United States,262,https://nbl.com.au/images/person-placeholder.svg,35
Nathan Jawai,82,280,Sydney,2008 Rnd 2 Pick 11,Australia,263,https://img.wh.sportingpulseinternational.com/e1be23c0697bf75c14db36c3851cb407L1.png,36
Jordair Jett,73,215,St. Paul (MN),2014 NBA Draft - Undrafted,United States,264,https://nbl.com.au/images/person-placeholder.svg,Unknown
Christopher Kann,0,0,Townsville,2016 NBA Draft - Undrafted,Australia,265,https://nbl.com.au/images/person-placeholder.svg,Unknown
Nick Kay,81,230,Tamworth,2015 NBA Draft - Undrafted,Australia,266,,
Ben Kearins,74,0,,2015 NBA Draft - Undrafted,Australia,267,https://nbl.com.au/images/person-placeholder.svg,28
Jarrod Kenny,74,180,Auckland,2007 NBA Draft - Undrafted,New Zealand,268,https://img.wh.sportingpulseinternational.com/e468c9becd56d2f3c6a2ec1227ced6afL1.png,37
Dexter Kernich-Drew,79,190,Melbourne,2015 NBA Draft - Undrafted,Australia,269,https://img.wh.sportingpulseinternational.com/780b3ae4ddc391ae6057c622808c8b6dL1.png,31
Benjamin Knight,80,0,,1998 NBA Draft - Undrafted,England & Australia,270,https://nbl.com.au/images/person-placeholder.svg,47
Majok Majok,81,245,Perth,2014 NBA Draft - Undrafted,Australia,271,https://se-img.dcd-production.i.geniussports.com/0963d742af6452afb9bfe6b57a1b0727L1.png,30
Kenyon McNeaill,73,185,Memphis (TN),2014 NBA Draft - Undrafted,United States,272,,
Kirk Penney,77,220,Auckland,2003 NBA Draft - Undrafted,New Zealand,273,https://img.wh.sportingpulseinternational.com/f487e730674b797368a7e5836d1e426cS1.png,42
Casey Prather,78,208,Jackson (TN),2014 NBA Draft - Undrafted,United States,274,https://img.wh.sportingpulseinternational.com/ccaf50c21c8b112a9ba81331e8f8f458L1.png,31
Dzherom Rendl,70,172,Chicago (IL),2010 NBA Draft - Undrafted,United States & Ukraine,275,,
Omar Samhan,83,265,Danville (CA),2010 NBA Draft - Undrafted,United States & Egypt,276,https://nbl.com.au/images/person-placeholder.svg,Unknown
Will Sinclair,82,250,Lilydale,2015 NBA Draft - Undrafted,Australia,277,https://nbl.com.au/images/person-placeholder.svg,30
Tohi Smith-Milner,81,212,Auckland,2017 NBA Draft - Undrafted,New Zealand,278,https://se-img.dcd-production.i.geniussports.com/6267530a3603803f3aa0977ab19d0cc9L1.png,27
Markel Starks,73,175,Accokeek (MD),2014 NBA Draft - Undrafted,United States,279,https://img.wh.sportingpulseinternational.com/3ab426dcbd20e1320f95b4920fbbc8e3S1.jpg,32
Marcus Thornton,76,190,Upper Marlboro (MD),2015 Rnd 2 Pick 15,United States,280,https://img.wh.sportingpulseinternational.com/48099e4e1b5936cf19b1e8313fb86ddaS1.jpg,29
Tony Tolovae,77,194,Sydney,2014 NBA Draft - Undrafted,Australia,281,https://nbl.com.au/images/person-placeholder.svg,30
Jordan Vandenberg,85,245,Melbourne,2014 NBA Draft - Undrafted,Australia,282,https://nbl.com.au/images/person-placeholder.svg,33
Brent Wallace,84,264,,2014 NBA Draft - Undrafted,Australia,283,https://nbl.com.au/images/person-placeholder.svg,Unknown
Hakim Warrick,81,219,Philadelphia (PA),2005 Rnd 1 Pick 19,United States,284,https://img.wh.sportingpulseinternational.com/39cc43957391168abc6a0525b0ce38caS1.jpg,40
Jack White,79,222,Canberra,2020 NBA Draft - Undrafted,Australia,285,https://img.wh.sportingpulseinternational.com/7ebe533ea4c0d3347722752555db9327L1.png,25
Corban Wroe,74,195,Brisbane,2015 NBA Draft - Undrafted,Australia,286,https://img.wh.sportingpulseinternational.com/d7a0ad093236a9687744378151c0bc19S1.jpg,30
David Andersen,84,242,Carlton,2002 Rnd 2 Pick 8,Australia,287,https://img.wh.sportingpulseinternational.com/c760f94eec1b911cd3d64726374823fdL1.png,42
Cameron Bairstow,81,250,Brisbane,2014 Rnd 2 Pick 19,Australia,288,https://img.wh.sportingpulseinternational.com/abcae50c6e87a23dbac836866564a5edL1.png,32
Jarred Bairstow,79,230,Brisbane,2016 NBA Draft - Undrafted,Australia,289,https://se-img.dcd-production.i.geniussports.com/662d259ee2ea3c62fa510f38521486e8L1.png,30
Steve Blake,75,172,Hollywood (FL),2003 Rnd 2 Pick 9,United States,290,https://nbl.com.au/images/person-placeholder.svg,43
Liu Bo,81,205,Henan,2018 NBA Draft - Undrafted,China,291,,
Josh Boone,82,237,Mount Airy (MD),2006 Rnd 1 Pick 23,United States,292,https://nbl.com.au/images/person-placeholder.svg,Unknown
Mason Bragg,72,178,,2015 NBA Draft - Undrafted,Australia,293,https://img.wh.sportingpulseinternational.com/537f9cea4fa197d138ac106d4fbb89c7L1.png,29
Michael Bryson,76,200,Sacramento (CA),2016 NBA Draft - Undrafted,United States,294,https://img.wh.sportingpulseinternational.com/9333d929307ed6592f8d6540d294b23bS1.jpg,28
Paul Carter,80,200,Little Rock (AR),2011 NBA Draft - Undrafted,United States,295,https://img.wh.sportingpulseinternational.com/46fc29dea69d531b734f2fc8402bab7aS1.jpg,35
Bryce Cotton,73,165,Tucson (AZ),2014 NBA Draft - Undrafted,United States,296,https://se-img.dcd-production.i.geniussports.com/e0b63e90b86b8a40123edebbc7aca29eL1.png,30.0
Majok Deng,82,185,Adelaide,2016 NBA Draft - Undrafted,Australia,297,https://se-img.dcd-production.i.geniussports.com/f2b4dd848f7cd509517de13609288e4cL1.png,30
Kevin Dillard,72,182,Homewood (IL),2013 NBA Draft - Undrafted,United States,298,https://img.wh.sportingpulseinternational.com/753d6a90de4e4bed00b598a6b2c17db7S1.jpg,33
Anthony Drmic,78,192,Melbourne,2016 NBA Draft - Undrafted,Australia,299,https://se-img.dcd-production.i.geniussports.com/6e916c6876b45484de1c29a02680e8b6L1.png,31
Fuquan Edwin,78,213,Paterson (NJ),2014 NBA Draft - Undrafted,United States,300,https://img.wh.sportingpulseinternational.com/78054c16421d083a705b45ca9d3d6361S1.jpg,31
Nnanna Egwu,83,250,Abuja,2015 NBA Draft - Undrafted,Nigeria & United States,301,https://nbl.com.au/images/person-placeholder.svg,30
Terrance Ferguson,79,190,Tulsa (OK),2017 Rnd 1 Pick 21,United States,302,https://img.wh.sportingpulseinternational.com/8bae5211a7835bc869e4ca452afddf75S1.jpg,24
Tom Fullarton,79,180,Brisbane,2021 NBA Draft - Undrafted,Australia,303,https://img.wh.sportingpulseinternational.com/8144d1c49a9e2351bff54a83f50123cbS1.png,24
Angus Glover,76,180,Illawarra,2020 NBA Draft - Undrafted,Australia,304,https://se-img.dcd-production.i.geniussports.com/c3a303b200ca6ba36b2ba328f26e21bfL1.png,24
Matt Hancock,76,200,Melbourne,2016 NBA Draft - Undrafted,Australia,305,,
Darcy Harding,78,208,Canberra,2016 NBA Draft - Undrafted,Australia,306,https://img.wh.sportingpulseinternational.com/f7c50ab3c0eb05274a4465f97ea084deS1.jpg,29
Marvelle Harris,76,210,Rialto (CA),2016 NBA Draft - Undrafted,United States,307,https://nbl.com.au/images/person-placeholder.svg,Unknown
Michael Holyfield,83,270,Albuquerque (NM),2015 NBA Draft - Undrafted,United States,308,https://nbl.com.au/images/person-placeholder.svg,Unknown
Jackson Hussey,75,185,Attadale,2016 NBA Draft - Undrafted,Australia,309,https://nbl.com.au/images/person-placeholder.svg,31
Andre Ingram,75,184,Richmond (VA),2007 NBA Draft - Undrafted,United States,310,https://nbl.com.au/images/person-placeholder.svg,37
Tevin Jackson,79,210,Perth,2017 NBA Draft - Undrafted,Australia,311,https://img.wh.sportingpulseinternational.com/363d5939b95fa5978cb3bb0c1bcb2b4bS1.png,29
Eric Jacobsen,82,255,Chandler (AZ),2016 NBA Draft - Undrafted,United States,312,https://img.wh.sportingpulseinternational.com/f133be05e30410c6e72429de4a0c0870S1.jpg,28
Jaron Johnson,78,205,Tyler (TX),2014 NBA Draft - Undrafted,United States,313,https://img.wh.sportingpulseinternational.com/c782825a02b34b4d75c2aaa8591623c9S1.jpg,31
Jeremy Kendle,74,195,Jeffersonville (IN),2012 NBA Draft - Undrafted,United States,314,https://img.wh.sportingpulseinternational.com/b7712b68d6bf108d7b6603edfcb36db0L1.png,35
Matthew Kenyon,77,175,Avoca Beach,2020 NBA Draft - Undrafted,Australia,315,,
Lasan Kromah,78,205,Queens (NY),2014 NBA Draft - Undrafted,United States,316,https://nbl.com.au/images/person-placeholder.svg,31
Robert Loe,83,245,Leicester,2014 NBA Draft - Undrafted,England & New Zealand,317,https://se-img.dcd-production.i.geniussports.com/5b17aba5a5d1ec58311b82d2ff1a3e72L1.png,31
Aleks Maric,83,270,Sydney,2008 NBA Draft - Undrafted,Australia,318,https://img.wh.sportingpulseinternational.com/2638290bcf9374b756d1024da005419bS1.jpg,38
Mitchell McCarron,74,215,Alice Springs,2015 NBA Draft - Undrafted,Australia,319,,
William McDowell-White,77,185,Brisbane,2019 NBA Draft - Undrafted,Australia,320,,
Jameel McKay,81,219,Milwaukee (WI),2016 NBA Draft - Undrafted,United States,321,https://img.wh.sportingpulseinternational.com/1b20fbd3b311ad891efd70a8872086c1S1.jpg,30
Akil Mitchell,81,250,Charlotte (NC),2014 NBA Draft - Undrafted,United States & Panama,322,https://img.wh.sportingpulseinternational.com/324ee65173b6a7d0c8e3e0160b685058S1.jpg,30
Tony Mitchell,78,216,Swainsboro (GA),2012 NBA Draft - Undrafted,United States,323,https://nbl.com.au/images/person-placeholder.svg,33
Craig Moller,80,208,Sutherland,2016 NBA Draft - Undrafted,Australia,324,https://img.wh.sportingpulseinternational.com/7c44abccd671d3f6295f7d9616516087L1.png,28
Ramone Moore,77,190,Philadelphia (PA),2012 NBA Draft - Undrafted,United States,325,https://img.wh.sportingpulseinternational.com/7d81e37283b30023c6ffd9204e53635fL1.png,33
Brad Newley,78,205,Lower Mitcham,2007 Rnd 2 Pick 24,Australia,326,https://se-img.dcd-production.i.geniussports.com/89b70b4fea7d9249bee9461bb72d11b8L1.png,38
Josh Powell,81,225,Charleston (SC),2003 NBA Draft - Undrafted,United States,327,https://nbl.com.au/images/person-placeholder.svg,40
Derone Raukawa,71,168,Tauranga,2016 NBA Draft - Undrafted,New Zealand,328,https://img.wh.sportingpulseinternational.com/503fca80df7397c43339267cebbdd695S1.png,28
Ethan Rusbatch,77,220,Timaru,2014 NBA Draft - Undrafted,New Zealand,329,https://img.wh.sportingpulseinternational.com/c96d7f47cf7c89a2791be7c43fae91d7L1.png,30
David Stockton,71,165,Spokane (WA),2014 NBA Draft - Undrafted,United States,330,https://nbl.com.au/images/person-placeholder.svg,31
Travis Trice,74,175,Huber Heights (OH),2015 NBA Draft - Undrafted,United States,331,https://img.wh.sportingpulseinternational.com/355a26b9d71285fc2038e48ccc3ac020L1.png,30
Isaih Tueta,74,180,,2013 NBA Draft - Undrafted,Australia,332,https://img.wh.sportingpulseinternational.com/56cc9cf575585474ac9c9b6fd764cf40S1.jpg,32
Hong Wang,72,188,Taiyuan,2014 NBA Draft - Undrafted,China,333,,
Casper Ware,70,175,Cerritos (CA),2012 NBA Draft - Undrafted,United States,334,https://img.wh.sportingpulseinternational.com/26c7481902b05cde773d766cadd39d21L1.png,33
Greg Whittington,80,212,Columbia (MD),2015 NBA Draft - Undrafted,United States,335,https://img.wh.sportingpulseinternational.com/3dce4a8905c51b493896d9f2491d531aS1.jpg,30
Devin Williams,81,255,Cincinnati (OH),2016 NBA Draft - Undrafted,United States,336,https://img.wh.sportingpulseinternational.com/8765eaf5b6a954a383a2afb013754003S1.jpg,28
Ben Woodside,71,185,Albert Lea (MN),2009 NBA Draft - Undrafted,United States,337,https://img.wh.sportingpulseinternational.com/eefa91a65d21da38e21880e2acecb8a5S1.jpg,37
Pengfei Yan,82,202,Taiyuan,2015 NBA Draft - Undrafted,China,338,,
Deng Acuoth,83,198,Sydney,2018 NBA Draft - Undrafted,Australia & South Sudan,339,https://se-img.dcd-production.i.geniussports.com/c6d81d50294f83244b22a656c21d8c09L1.png,26
Perrin Buford,78,220,Decatur (AL),2016 NBA Draft - Undrafted,United States,340,https://img.wh.sportingpulseinternational.com/d5210008894ef64b3bb795984e0e2d41S1.png,29
Michael Carrera,77,215,Anzoategui,2016 NBA Draft - Undrafted,Venezuela,341,https://img.wh.sportingpulseinternational.com/33e1e14166de5e44210bff413332f4fbS1.png,30
Rakeem Christmas,81,255,Philadelphia (PA),2015 Rnd 2 Pick 6,United States & U.S. Virgin Islands,342,https://img.wh.sportingpulseinternational.com/e68727488598b49812dde8b5a7625aa9S1.png,32
Demetrius Conger,78,205,Brooklyn (NY),2013 NBA Draft - Undrafted,United States,343,,
Derek Cooke Jr.,81,220,Washington (DC),2015 NBA Draft - Undrafted,United States,344,,
Lochlan Cummings,72,184,Perth,2017 NBA Draft - Undrafted,Australia,345,https://nbl.com.au/images/person-placeholder.svg,27
Sam Daly,76,190,Adelaide,2017 NBA Draft - Undrafted,Australia,346,https://nbl.com.au/images/person-placeholder.svg,Unknown
Caleb Davis,81,265,Perth,2017 NBA Draft - Undrafted,Australia,347,https://img.wh.sportingpulseinternational.com/d28c161628f13ca4c38ce8ebba7df5ddL1.png,27
Perry Ellis,79,220,Wichita (KS),2016 NBA Draft - Undrafted,United States & Japan,348,https://img.wh.sportingpulseinternational.com/749c97e193c1dd004922ae9a627abae0S1.png,29
Jerry Evans,80,210,Lawndale (CA),2014 NBA Draft - Undrafted,United States,349,,
Carrick Felix,78,200,Goodyear (AZ),2013 Rnd 2 Pick 3,United States,350,https://img.wh.sportingpulseinternational.com/8c66afbb439b892060253face5a9f6ceS1.png,32
Tyrell Harrison,85,210,Brisbane,2021 NBA Draft - Undrafted,Australia & New Zealand,351,https://se-img.dcd-production.i.geniussports.com/3f1d9e3426322a66184cc48360469450L1.png,23
Peter Hooley,76,200,Hahndorf,2016 NBA Draft - Undrafted,Australia,352,https://img.wh.sportingpulseinternational.com/888cdefd1b041c2c0543c97d6f611ec3S1.png,31
Isaac Humphries,83,255,Sydney,2017 NBA Draft - Undrafted,Australia,353,https://se-img.dcd-production.i.geniussports.com/7ab23051b7f1f1fd91baa1a2bb1b5e24L1.png,25
James Hunter,82,250,Sydney,2015 NBA Draft - Undrafted,Australia & New Zealand,354,https://img.wh.sportingpulseinternational.com/e70acb3cf53901c261559946ff63a23eS1.png,30
Delvon Johnson,81,220,Richton (IL),2011 NBA Draft - Undrafted,United States,355,https://nbl.com.au/images/person-placeholder.svg,Unknown
Christian Jurlina,77,200,Sydney,2017 NBA Draft - Undrafted,Australia,356,https://img.wh.sportingpulseinternational.com/4c10496857f1dceb4fd9f99d682f0e79L1.png,29
Kuany Ngor Kuany,79,201,Melbourne,2017 NBA Draft - Undrafted,Australia & South Sudan,357,,
Travis Leslie,76,205,Decatur (GA),2011 Rnd 2 Pick 17,United States,358,https://img.wh.sportingpulseinternational.com/3661d7699a6041d4af34368545702caaS1.png,33
Will Magnay,82,234,Brisbane,2018 NBA Draft - Undrafted,Australia,359,https://se-img.dcd-production.i.geniussports.com/c7c807171f883e1303f1a8dbeb578938L1.png,24
Darcy Malone,84,244,Canberra,2017 NBA Draft - Undrafted,Australia,360,https://nbl.com.au/images/person-placeholder.svg,28
Durrell McDonald,74,175,Henderson (NV),2017 NBA Draft - Undrafted,United States,361,https://nbl.com.au/images/person-placeholder.svg,29
D.J. Newbill,76,210,Philadelphia (PA),2015 NBA Draft - Undrafted,United States,362,,
Mitchell Newton,78,216,Christchurch,2017 NBA Draft - Undrafted,New Zealand,363,https://nbl.com.au/images/person-placeholder.svg,27
Dane Pineau,81,225,Fitzroy,2017 NBA Draft - Undrafted,Australia,364,https://se-img.dcd-production.i.geniussports.com/69a6a8041ac9402573a0934be5dde41eL1.png,28
Nic Pozoglou,77,214,,2018 NBA Draft - Undrafted,Greece & Australia,365,https://img.wh.sportingpulseinternational.com/aaa299eaed0b50b0c2d0533e3d7f885aL1.png,27
Ronald Roberts,80,219,Bayonne (NJ),2014 NBA Draft - Undrafted,United States & Dominican Republic,366,,
Samuel Short,77,172,Ballarat,2020 NBA Draft - Undrafted,Australia,367,,
Shannon Shorter,76,200,Houston (TX),2011 NBA Draft - Undrafted,United States,368,https://img.wh.sportingpulseinternational.com/4ea8df59fc7b9f469275b60b99988061S1.png,33
Amritpal Singh,83,242,Ganna Pind,2013 NBA Draft - Undrafted,India,369,https://img.wh.sportingpulseinternational.com/73550ec711ae26e94491d3f56dfd0c66S1.png,32
Scoochie Smith,74,180,New York (NY),2017 NBA Draft - Undrafted,United States,370,,
Edgar Sosa,74,175,New York (NY),2010 NBA Draft - Undrafted,United States & Dominican Republic,371,https://img.wh.sportingpulseinternational.com/b34d8fe2f14248d6b429aaafc7d5f3f8S1.png,35
Adam Thoseby,78,210,Melbourne,2016 NBA Draft - Undrafted,Australia & England,372,https://img.wh.sportingpulseinternational.com/c9827468f4f938adad8191443d7aa623S1.png,31
J.P. Tokoto,78,200,Menomonee Falls (WI),2015 Rnd 2 Pick 28,United States & Cameroon,373,,
Jeremy Tyler,83,250,San Diego (CA),2011 Rnd 2 Pick 9,United States,374,https://img.wh.sportingpulseinternational.com/21270246b42e50e403e647803dd79b77S1.png,31
Felix Von Hofe,77,200,East Melbourne,2017 NBA Draft - Undrafted,Australia,375,https://nbl.com.au/images/person-placeholder.svg,28
Alan Wiggins Jr.,80,225,San Diego (CA),2007 NBA Draft - Undrafted,United States,376,,
Andrew Bogut,84,260,Melbourne,2005 Rnd 1 Pick 1,Australia,377,https://img.wh.sportingpulseinternational.com/28003f36d1fc59f53827f165f1137ba8L1.png,38
Brian Bowen II,79,199,Saginaw (MI),2019 NBA Draft - Undrafted,United States,378,,
Kyle Bowen,80,222,Geelong,2024 NBA Draft Eligible,Australia,379,https://nbl.com.au/images/person-placeholder.svg,22
A.J. Davis,81,215,Buford (GA),2018 NBA Draft - Undrafted,United States,380,,
Sunday Dech,76,210,Gambela,2018 NBA Draft - Undrafted,Ethiopia & Australia,381,https://se-img.dcd-production.i.geniussports.com/1f0042fe6297f745f32aa749efa56eb5L1.png,29
Deng Deng,80,205,Sudan,2016 NBA Draft - Undrafted,South Sudan & Australia,382,https://se-img.dcd-production.i.geniussports.com/4c65bf616fff8e9bc1a0a316143ed304L1.png,31
Alonzo Gee,78,225,Riviera Beach (FL),2009 NBA Draft - Undrafted,United States,383,https://img.wh.sportingpulseinternational.com/a537e475a0593f6148b5c9b88adbf1dcS1.png,35
Daniel Grida,80,201,Illawarra,2020 NBA Draft - Undrafted,Australia,384,https://se-img.dcd-production.i.geniussports.com/551405f70384edd51468301f03c08014L1.png,25
Devon Hall,77,215,Virginia Beach (VA),2018 Rnd 2 Pick 23,United States,385,https://img.wh.sportingpulseinternational.com/97db49bd432d3c55f074deeec5a00d03S1.png,27
Makoto Hiejima,75,192,Fukuoka,2012 NBA Draft - Undrafted,Japan,386,https://img.wh.sportingpulseinternational.com/9f2b8a20c5fade839fd289fb5c3f551aS1.png,32
Bijan Johnson,73,182,Houston (TX),2018 NBA Draft - Undrafted,United States,387,https://nbl.com.au/images/person-placeholder.svg,26
Venky Jois,80,230,Boronia,2016 NBA Draft - Undrafted,Australia,388,https://img.wh.sportingpulseinternational.com/d287e3969ec9d1f624d2d8247bf41dc5L1.png,27
Dom Kelman-Poto,79,242,Auckland,2018 NBA Draft - Undrafted,New Zealand,389,,
D.J. Kennedy,78,215,Pittsburgh (PA),2011 NBA Draft - Undrafted,United States,390,,
Fabijan Krslovic,80,239,Liverpool,2018 NBA Draft - Undrafted,Australia,391,https://se-img.dcd-production.i.geniussports.com/c93e750e577f8020e382d7d013005a58L1.png,27
Shawn Long,81,255,Morgan City (LA),2016 NBA Draft - Undrafted,United States,392,https://img.wh.sportingpulseinternational.com/23b126febc208185d3e76467ad6195feL1.png,30
Samuel McDaniel,78,210,Adelaide,2018 NBA Draft - Undrafted,Australia,393,,
Jack McVeigh,80,215,Canberra,2019 NBA Draft - Undrafted,Australia,394,https://se-img.dcd-production.i.geniussports.com/a20fd05a0b78963a30d76cd8dc502058L1.png,26.0
Bryan Michaels,75,210,Kalispell (MT),2018 NBA Draft - Undrafted,United States,395,,
Armani Moore,76,217,Kennesaw (GA),2016 NBA Draft - Undrafted,United States,396,https://img.wh.sportingpulseinternational.com/de9f59d42c32314a36b9378802ae49f7S1.png,29
Emmett Naar,73,195,Canberra,2018 NBA Draft - Undrafted,Australia,397,https://img.wh.sportingpulseinternational.com/7524bded105cb44e9ead3bd6c922b30aL1.png,28
Marshall Nelson,74,188,Perth,2018 NBA Draft - Undrafted,Australia,398,https://img.wh.sportingpulseinternational.com/c53110eb2fdf4ecb5d9ce1a4c20afea7L1.png,29
Lamar Patterson,77,225,Lancaster (PA),2014 Rnd 2 Pick 18,United States,399,https://img.wh.sportingpulseinternational.com/1cbafcfa2df76b309e27fb2f26a397a1L1.png,31
Kruz Perrott-Hunt,75,195,Auckland,2024 NBA Draft Eligible,New Zealand,400,https://nbl.com.au/images/person-placeholder.svg,22
Patrick Richard,76,208,Lafayette (LA),2012 NBA Draft - Undrafted,United States & Romania,401,https://img.wh.sportingpulseinternational.com/29d7a4986753b3d59b55accc5de4afbaS1.png,33
Wani Swaka Lo Buluk,78,192,Brisbane,2023 NBA Draft Eligible,Australia,402,https://se-img.dcd-production.i.geniussports.com/3d80bfcf787e3013a2dde19df841c976L1.png,21
Melo Trimble,75,195,Upper Marlboro (MD),2017 NBA Draft - Undrafted,United States,403,https://img.wh.sportingpulseinternational.com/1c396591f74492b8157ed712a8803008L1.png,28
Daniel Trist,81,234,Wahroonga,2015 NBA Draft - Undrafted,Australia,404,https://img.wh.sportingpulseinternational.com/cb6bbe23e6f48032a2a89ad4d7b40415L1.png,30
Ray Turner,81,232,Houston (TX),2013 NBA Draft - Undrafted,United States,405,https://nbl.com.au/images/person-placeholder.svg,33
Tom Vodanovich,79,220,Wellington,2017 NBA Draft - Undrafted,New Zealand,406,,
David Wear,82,225,Huntington Beach (CA),2014 NBA Draft - Undrafted,United States,407,https://img.wh.sportingpulseinternational.com/e2a2a23707b337635f7e33320058ba3eS1.png,32
Terrico White,77,215,Memphis (TN),2010 Rnd 2 Pick 6,United States,408,https://img.wh.sportingpulseinternational.com/759cb0a107b33751355cbcced2537a3cL1.png,33
Jake Wiley,80,220,Newport (WA),2017 NBA Draft - Undrafted,United States & North Macedonia,409,,
Tom Wilson,77,180,Melbourne,2018 NBA Draft - Undrafted,Australia,410,https://img.wh.sportingpulseinternational.com/3e3a155631c4c9a6750dc79a412807fdS1.png,25
Max de Geest,75,185,Christchurch,2024 NBA Draft Eligible,New Zealand,411,,
Jo Acuil,84,225,Melbourne,2018 NBA Draft - Undrafted,Australia,412,,
Terry Armstrong,80,185,Flint (MI),2020 NBA Draft - Undrafted,United States,413,https://img.wh.sportingpulseinternational.com/55b4b78c079c8fe2a7a25352a4f76f6dL1.png,22
Brandon Ashley,81,230,Oakland (CA),2015 NBA Draft - Undrafted,United States,414,https://img.wh.sportingpulseinternational.com/5cc5548accf23e579a977b4d2be59e03L1.png,28
Ben Ayre,74,175,Melbourne,2019 NBA Draft - Undrafted,Australia,415,https://se-img.dcd-production.i.geniussports.com/a78d59b16e9f2a9135350e0682aabc0fL1.png,27
LaMelo Ball,79,180,Chino Hills (CA),2020 Rnd 1 Pick 3,United States,416,https://nbl.com.au/images/person-placeholder.svg,Unknown
Keith Benson,83,240,Farmington Hills (MI),2011 Rnd 2 Pick 18,United States,417,https://img.wh.sportingpulseinternational.com/5d2edef1eac1b43203d2495b3aafddfcL1.png,Unknown
George Blagojevic,80,205,Geelong,2019 NBA Draft - Undrafted,Australia,418,https://img.wh.sportingpulseinternational.com/2a6c7365b11215a15f3054245d2f56f8L1.png,25
Taylor Braun,79,210,Newberg (OR),2014 NBA Draft - Undrafted,United States,419,https://img.wh.sportingpulseinternational.com/a378b45524685ecddc051d50e1672d6dL1.png,31
Taylor Britt,81,175,Christchurch,2009 NBA Draft - Undrafted,New Zealand,420,https://img.wh.sportingpulseinternational.com/890fc6e38b6d0f5dc4f563b7193fada2L1.png,26
Aaron Brooks,72,161,Seattle (WA),2007 Rnd 1 Pick 26,United States,421,https://nbl.com.au/images/person-placeholder.svg,Unknown
Xavier Cooks,80,185,Wollongong,2018 NBA Draft - Undrafted,Australia,422,https://se-img.dcd-production.i.geniussports.com/02af0b436888bfa17565f832468801edL1.png,27.0
Jaye Crockett,79,200,Clovis (NM),2014 NBA Draft - Undrafted,United States,423,https://nbl.com.au/images/person-placeholder.svg,31
Callum Dalton,81,250,Melbourne,2022 NBA Draft - Undrafted,Australia,424,https://se-img.dcd-production.i.geniussports.com/bb866a25b8a1b282610676f6fe7c7f0bL1.png,23
Kian Dennis,78,183,Sunshine Coast,2023 NBA Draft Eligible,Australia,425,https://img.wh.sportingpulseinternational.com/043863a07457f518036f7b5d7ae28ec0L1.png,21
Lachlan Timothy Dent,72,0,Campbelltown,2022 NBA Draft - Undrafted,Australia,426,,
Tad Dufelmeier Jr.,72,175,Canberra,2018 NBA Draft - Undrafted,Australia,427,,
Samson Froling,83,200,Sydney,2020 NBA Draft - Undrafted,Australia,428,,
Cameron Goldfinch,79,190,Gold Coast,2020 NBA Draft - Undrafted,Australia,429,https://img.wh.sportingpulseinternational.com/28d7942794f154d59049125a789774f6L1.png,22
Eric Griffin,80,194,Orlando (FL),2012 NBA Draft - Undrafted,United States,430,https://img.wh.sportingpulseinternational.com/461755b3238c8bfdf4e9d5a8e7086dc3L1.png,32
R.J. Hampton,78,190,Dallas (TX),2020 Rnd 1 Pick 24,United States,431,,
Hyrum Harris,78,231,Auckland,2018 NBA Draft - Undrafted,New Zealand,432,https://se-img.dcd-production.i.geniussports.com/23d79db2f3f114fbb80f67e7ac9a5d2eL1.png,27
Michael Harris,76,187,,2021 NBA Draft - Undrafted,Australia,433,https://se-img.dcd-production.i.geniussports.com/441b727ba40bb0334cdad491fc4c4fa0L1.png,32
Sek Henry,76,200,Lynwood (CA),2010 NBA Draft - Undrafted,United States,434,,
William Hickey,77,187,Camperdown,2021 NBA Draft - Undrafted,Australia,435,https://se-img.dcd-production.i.geniussports.com/c4f28aad04c9ac05987ebb50ed1529a8L1.png,24
Darington Hobson,79,210,Las Vegas (NV),2010 Rnd 2 Pick 7,United States,436,https://nbl.com.au/images/person-placeholder.svg,Unknown
Scotty Hopson,79,204,Hopkinsville (KY),2011 NBA Draft - Undrafted,United States,437,https://img.wh.sportingpulseinternational.com/8d0d382682f438b81741d228ee200724L1.png,33
Dario Hunt,80,230,Colorado Springs (CO),2012 NBA Draft - Undrafted,United States,438,https://img.wh.sportingpulseinternational.com/f9e772508fdf86933d596315417e6972L1.png,34
Jordan Hunter,82,230,Sydney,2019 NBA Draft - Undrafted,Australia,439,https://se-img.dcd-production.i.geniussports.com/77d358e6b15ef274dba3be56f5657f58L1.png,26
Lochlan Hutchison,74,187,Sydney,2021 NBA Draft - Undrafted,Australia,440,https://img.wh.sportingpulseinternational.com/e4503779b395feb2bcb9f37d7c5e8803L1.png,23
Stanton Kidd,79,215,Baltimore (MD),2015 NBA Draft - Undrafted,United States,441,https://img.wh.sportingpulseinternational.com/266d268f97f986d4c519f950951ca82dM1.png,31
Obi Kyei,80,190,Sydney,2017 NBA Draft - Undrafted,Australia,442,,
Terry Li,76,198,Shandong,2022 NBA Draft - Undrafted,China,443,https://img.wh.sportingpulseinternational.com/2ef255845a9c5847a689de9c1e6d9c1aL1.png,23
Didi Louzada,77,215,Muqui,2019 Rnd 2 Pick 5,Brazil,444,https://img.wh.sportingpulseinternational.com/74ab417bfb6e12c759edeca3a19f5916L1.png,23
Scott Machado,73,201,Queens (NY),2012 NBA Draft - Undrafted,United States & Brazil,445,https://img.wh.sportingpulseinternational.com/19f55d41b2886f6846d52492404446a7L1.png,32
Hunter-Jack Madden,74,190,Sydney,2025 NBA Draft Eligible,Australia,446,https://img.wh.sportingpulseinternational.com/908afd485c6923bbc894930543f21c8aL1.png,22
Ater Majok,83,233,Khartoum,2011 Rnd 2 Pick 28,Australia & Lebanon,447,https://img.wh.sportingpulseinternational.com/ec9cad5c417c40a50e7f2dc499e933f8L1.png,35
Geremy McKay,79,230,Melbourne,2019 NBA Draft - Undrafted,Australia,448,https://img.wh.sportingpulseinternational.com/dcd83e5af61ce2f4dc39fb6d8271edb5L1.png,27
Alex Mudronja,77,195,Adelaide,2020 NBA Draft - Undrafted,Australia,449,https://se-img.dcd-production.i.geniussports.com/0c294744cbdbfe7e9451586cb2ea6f7dL1.png,23
Kouat Noi,79,210,Khartoum,2020 NBA Draft - Undrafted,South Sudan & Australia,450,https://se-img.dcd-production.i.geniussports.com/6c76800e1f92a2405d8740774c8e0b17L1.png,25
Christopher Obekpa,81,230,Centereach (NY),2016 NBA Draft - Undrafted,United States & Nigeria,451,,
Cameron Oliver,80,225,Sacramento (CA),2017 NBA Draft - Undrafted,United States,452,https://img.wh.sportingpulseinternational.com/9968e325748efbb53269a1d175256e69L1.png,26
Miles Plumlee,83,249,Fort Wayne (IN),2012 Rnd 1 Pick 26,United States,453,https://img.wh.sportingpulseinternational.com/7fc6d6f3a8c44aaef4bbb0aa09c99e1cM1.png,24
Billy Preston,82,230,Redondo Beach (CA),2018 NBA Draft - Undrafted,United States,454,https://nbl.com.au/images/person-placeholder.svg,Unknown
Jack Purchase,81,210,Melbourne,2019 NBA Draft - Undrafted,Australia,455,https://img.wh.sportingpulseinternational.com/75473820794fd312d4885bed1d74f7d5L1.png,27
Chuatwech Reath,75,0,,2023 NBA Draft Eligible,Australia,456,,
Glen Rice,78,206,Miami (FL),2013 Rnd 2 Pick 5,United States,457,,
John Roberson,71,168,Plano (TX),2011 NBA Draft - Undrafted,United States & Bosnia and Herzegovina,458,https://img.wh.sportingpulseinternational.com/eac74d5cee4e9f26b8c65be6e3f97536L1.png,34
Larry Savage,77,210,Onancock (VA),2015 NBA Draft - Undrafted,United States,459,,
E.J. Singler,78,215,Medford (OR),2013 NBA Draft - Undrafted,United States,460,,
Kendall Stephens,79,205,St. Charles (IL),2018 NBA Draft - Undrafted,United States,461,https://img.wh.sportingpulseinternational.com/625988a611644f32ddc5e70caf725331L1.png,28
Dillon Stith,79,215,Bedford (VA),2014 NBA Draft - Undrafted,United States,462,https://img.wh.sportingpulseinternational.com/d5d8f7607c7c7df8e076d6c29c2bfadbL1.png,31
Banjo Talbot,83,0,,2023 NBA Draft Eligible,Australia,463,https://nbl.com.au/images/person-placeholder.svg,21
Jae'sean Tate,76,230,Pickerington (OH),2018 NBA Draft - Undrafted,United States,464,,
Deshon Taylor,74,185,Riverside (CA),2019 NBA Draft - Undrafted,United States,465,https://nbl.com.au/images/person-placeholder.svg,26
Luke Travers,79,208,Perth,2022 Rnd 2 Pick 26,Australia,466,https://se-img.dcd-production.i.geniussports.com/fd2c87ea8b1347e0e0296da7e8291686L1.png,21
Devondrick Walker,77,205,Garland (TX),2014 NBA Draft - Undrafted,United States,467,https://se-img.dcd-production.i.geniussports.com/bbb22948a7e4f401c7a2a1ca16f996bfL1.png,30
Tamuri Wigness,71,185,Brisbane,2024 NBA Draft Eligible,Australia,468,https://img.wh.sportingpulseinternational.com/b259c58cff8098b04efeca8d49a35c08L1.png,Unknown
Deng Adel,79,196,Khartoum,2018 NBA Draft - Undrafted,South Sudan & Australia,469,https://img.wh.sportingpulseinternational.com/dedb692d06facbfab478edf243114c1fL1.png,26
C.J. Asuncion-Byrd,77,205,Greenwich (CT),2019 NBA Draft - Undrafted,United States,470,,
Yudai Baba,77,198,Toyama,2017 NBA Draft - Undrafted,Japan,471,https://img.wh.sportingpulseinternational.com/6872dc1137e8a1f3681694c77e8b2295L1.png,27
Rasmus Bach,76,185,,2018 NBA Draft - Undrafted,Denmark & Australia,472,https://se-img.dcd-production.i.geniussports.com/6b875cc4e1dfb7a3b1a317ff39a5da4bL1.png,27
Ryan Broekhoff,79,215,Frankston,2013 NBA Draft - Undrafted,Australia,473,https://se-img.dcd-production.i.geniussports.com/897298e6970fd4ef9019afa317899d27L1.png,32
Tony Crocker,79,209,San Antonio (TX),2010 NBA Draft - Undrafted,United States,474,https://img.wh.sportingpulseinternational.com/2aeb2923403d37a2dec16b8425d5593dL1.png,36
Maxwell Darling,78,220,Nelson,2022 NBA Draft - Undrafted,New Zealand,475,,
Isaac Davidson,79,220,Auckland,2020 NBA Draft - Undrafted,New Zealand,476,https://img.wh.sportingpulseinternational.com/33a744855822bb915391b9256ac2da8cL1.png,25
Ousmane Dieng,82,216,Paris,2022 Rnd 1 Pick 11,France,477,https://img.wh.sportingpulseinternational.com/0106052db59d39ecbe2678a14b5e7ac7L1.png,19
Andrew Ferguson,84,240,Perth,2022 NBA Draft - Undrafted,Australia,478,,
Tristan Forsyth,82,235,Melbourne,2022 NBA Draft - Undrafted,Australia,479,https://se-img.dcd-production.i.geniussports.com/a36ba70439123feec132fb20546e586cL1.png,25
Akoldah Gak,83,200,Sydney,2022 NBA Draft - Undrafted,Australia,480,https://se-img.dcd-production.i.geniussports.com/c5e59e194f7cd969b240a4f8cd65ad55L1.png,20
Jaylin Galloway,78,175,Marietta (GA),2024 NBA Draft Eligible,United States & Australia,481,https://se-img.dcd-production.i.geniussports.com/c97beb37f1b62f187189a8230b153de3L1.png,Unknown
Kyrin Galloway,80,215,Alpharetta (GA),2020 NBA Draft - Undrafted,United States & Australia,482,https://se-img.dcd-production.i.geniussports.com/217ae143be7c5f0c1bef0f0a9f5b7d27L1.png,23
Josh Giddey,80,216,Melbourne,2021 Rnd 1 Pick 6,Australia,483,https://img.wh.sportingpulseinternational.com/e72d35389d63f481c18aaa72bd7e8d01L1.png,20
Tyler Harvey,76,185,Torrance (CA),2015 Rnd 2 Pick 21,United States,484,https://se-img.dcd-production.i.geniussports.com/63a6f8393de71b1aa9546339c6b9a1e2L1.png,29.0
Owen Hulland,84,240,Adelaide,2021 NBA Draft - Undrafted,Australia,485,https://nbl.com.au/images/person-placeholder.svg,Unknown
Jordan Hunt,81,230,Lower Hutt,2020 NBA Draft - Undrafted,New Zealand,486,https://nbl.com.au/images/person-placeholder.svg,Unknown
Colton Iverson,84,255,Yankton (SD),2013 Rnd 2 Pick 23,United States,487,https://img.wh.sportingpulseinternational.com/7f46748837e7ac3132fb2c0c4e0aac4fL1.png,33
Justinian Jessup,79,202,Longmont (CO),2020 Rnd 2 Pick 21,United States,488,https://img.wh.sportingpulseinternational.com/616405e5db7fce2edc57a54d72abf96dL1.png,24
B.J. Johnson,79,200,Philadelphia (PA),2018 NBA Draft - Undrafted,United States,489,,
Orlando Johnson,77,220,Monterey (CA),2012 Rnd 2 Pick 6,United States,490,https://img.wh.sportingpulseinternational.com/1e0b1ebf6ad2f5902cfd92c32b3bc1e1L1.png,34
Blake Jones,82,189,Canberra,2025 NBA Draft Eligible,Australia,491,https://img.wh.sportingpulseinternational.com/3b18f334e091b642e30d2251175d6267L1.png,21
Mike Karena,82,270,Nelson,2016 NBA Draft - Undrafted,New Zealand,492,https://nbl.com.au/images/person-placeholder.svg,Unknown
Mojave King,77,194,Dunedin,2023 NBA Draft Eligible,New Zealand,493,https://img.wh.sportingpulseinternational.com/d8e8b01f6c64e3eca35b7441a5b3b0e1L1.png,20
Tanner Krebs,78,205,Hobart,2020 NBA Draft - Undrafted,Australia,494,https://se-img.dcd-production.i.geniussports.com/fb1cf8c94bf2ee3c8fa8e7f1e2994363L1.png,Unknown
Jock Landale,83,255,Melbourne,2018 NBA Draft - Undrafted,Australia,495,https://img.wh.sportingpulseinternational.com/c694227cfd402c56cb3ebe41c7b29332L1.png,27
Vic Law,79,200,South Holland (IL),2019 NBA Draft - Undrafted,United States,496,,
Jarell Martin,82,239,Baton Rouge (LA),2015 Rnd 1 Pick 25,United States,497,https://img.wh.sportingpulseinternational.com/0658b736baba5f02ee8ff69ffce55fedL1.png,28
Izayah Mauriohooho Le'Afa,74,200,Lower Hutt,2020 NBA Draft - Undrafted,New Zealand,498,,
John Mooney,81,245,Altamonte Springs (FL),2020 NBA Draft - Undrafted,United States,499,https://img.wh.sportingpulseinternational.com/60267f3c8b2096069b077970dcb5299cL1.png,25
Ben Moore,80,220,Bolingbrook (IL),2017 NBA Draft - Undrafted,United States,500,https://img.wh.sportingpulseinternational.com/84f5b2ce111c3ac7156039b7f8f0bfbaL1.png,24
Taine Murray,77,207,Auckland,2025 NBA Draft Eligible,New Zealand,501,https://img.wh.sportingpulseinternational.com/8729327ea34b15372c54f97fea9ac9c3L1.png,21
Brandon Paul,76,200,Gurnee (IL),2013 NBA Draft - Undrafted,United States,502,https://img.wh.sportingpulseinternational.com/e124d290ef67adcb5e69c276b19446f8L1.png,32
Mason Peatling,80,220,Melbourne,2020 NBA Draft - Undrafted,Australia,503,https://se-img.dcd-production.i.geniussports.com/6da20e4408ad2b87507890c312551ad1L1.png,26
Keanu Pinder,81,220,Perth,2018 NBA Draft - Undrafted,Australia,504,https://se-img.dcd-production.i.geniussports.com/8d65783f6f63220485e62e9c26d8bf75L1.png,27.0
Levi Randolph,77,208,Madison (AL),2015 NBA Draft - Undrafted,United States,505,https://img.wh.sportingpulseinternational.com/d14caa217fe364cd29c3e584fd1f4886L1.png,30
Michael Riley,0,0,,2022 NBA Draft - Undrafted,Australia,506,,
Jamaal Robateau,77,180,Sunshine Coast,2018 NBA Draft - Undrafted,Australia,507,https://nbl.com.au/images/person-placeholder.svg,28
Corey Shervill,79,220,Perth,2021 NBA Draft - Undrafted,Australia,508,https://se-img.dcd-production.i.geniussports.com/811f130071ce605d24b0b28ebf11e689L1.png,Unknown
Justin Simon,77,215,Temecula (CA),2019 NBA Draft - Undrafted,United States,509,https://se-img.dcd-production.i.geniussports.com/3ae753859c78f7caa5fac8e0a96572b1L1.png,27
Donald Sloan,75,205,Shreveport (LA),2010 NBA Draft - Undrafted,United States,510,https://img.wh.sportingpulseinternational.com/7146b820c2234f2b921105f5852dbff5L1.png,35
Kai Sotto,86,210,Las Pinas,2022 NBA Draft - Undrafted,Philippines,511,https://se-img.dcd-production.i.geniussports.com/4a5db6faafc58cd38b01c2eae8fc350aL1.png,21
Keifer Sykes,72,180,Chicago (IL),2015 NBA Draft - Undrafted,United States,512,https://img.wh.sportingpulseinternational.com/30ac67c0ba9815404ad85938f792514aL1.png,29
Dejan Vasiljevic,75,190,Melbourne,2020 NBA Draft - Undrafted,Australia,513,https://se-img.dcd-production.i.geniussports.com/8f801917561ab5088a899e192aecff62L1.png,26.0
Yanni Wetzell,82,240,Auckland,2020 NBA Draft - Undrafted,New Zealand,514,https://img.wh.sportingpulseinternational.com/a90df9985fea08e55a09afc3804b316dL1.png,26
Isaac White,74,180,Adelaide,2021 NBA Draft - Undrafted,Australia,515,https://se-img.dcd-production.i.geniussports.com/e5e2c6b0ee36536430bb5da0539572aeL1.png,24
Archie Woodhill,81,210,,2022 NBA Draft - Undrafted,Australia,516,https://se-img.dcd-production.i.geniussports.com/0d219eff3c85b420d0681d38a8bfa7b7L1.png,Unknown
Jaylen Adams,72,225,Baltimore (MD),2018 NBA Draft - Undrafted,United States,517,https://img.wh.sportingpulseinternational.com/d8c7879da4496883f7299dd5b541bed7L1.png,27
Josh Adams,74,190,Parker (CO),2016 NBA Draft - Undrafted,United States,518,https://img.wh.sportingpulseinternational.com/605e12dead75fb7d7e1c3fe99a21bd4cL1.png,29
Caleb Agada,75,209,Ottawa,2016 NBA Draft - Undrafted,Canada & Nigeria,519,https://img.wh.sportingpulseinternational.com/2cc9d1f8cce06a4e8960145b3315d15dL1.png,28
Lachlan Barker,72,182,,2018 NBA Draft - Undrafted,Australia,520,https://se-img.dcd-production.i.geniussports.com/27b7f816a0be5ce01358a91786200bbcL1.png,26
Biwali Bayles,74,180,Redfern,2022 NBA Draft - Undrafted,Australia,521,https://se-img.dcd-production.i.geniussports.com/42676ef5ee30856208679861f21afcaaL1.png,21
Hugo Besson,75,196,Angers,2022 Rnd 2 Pick 28,France,522,https://img.wh.sportingpulseinternational.com/e5ee0407bad0bee9b821cdce58eafec0L1.png,22
Liu Chuanxing,89,287,Puyang,2019 NBA Draft - Undrafted,China,523,,
Ian Clark,75,175,Memphis (TN),2013 NBA Draft - Undrafted,United States,524,https://se-img.dcd-production.i.geniussports.com/652e40f88bb33ff2275f40f0dc06b1afL1.png,32.0
Mitch Clarke,73,200,Perth,2021 NBA Draft - Undrafted,Australia,525,,
Antonius Cleveland,78,195,Memphis (TN),2017 NBA Draft - Undrafted,United States,526,https://se-img.dcd-production.i.geniussports.com/f8b879296dfd9c0a51b8f49351850530L1.png,29.0
Sejr Deans,74,205,Launceston,2026 NBA Draft Eligible,Australia,527,https://img.wh.sportingpulseinternational.com/0e455731a2494eb1a5c3d1098ed08383L1.png,20
Matt Dellavedova,75,200,Maryborough,2013 NBA Draft - Undrafted,Australia,528,,
Tom Digbeu,77,169,Barcelona,2023 NBA Draft Eligible,Spain & France,529,https://img.wh.sportingpulseinternational.com/8a32952a5ecbe1d7a5c464db51e0add8L1.png,21
Owen Foxwell,74,0,,2025 NBA Draft Eligible,Australia,530,https://se-img.dcd-production.i.geniussports.com/16847c26e5a3c8040cbeb2dbacc8eea9L1.png,19
Robert Franks,79,225,Vancouver (WA),2019 NBA Draft - Undrafted,United States,531,https://se-img.dcd-production.i.geniussports.com/1ab6474f35a0c37cee90ffed7565984bL1.png,26.0
Michael Frazier,76,200,Gainesville (FL),2015 NBA Draft - Undrafted,United States,532,,
Isaac Gattorna,80,249,,2021 NBA Draft - Undrafted,Australia,533,https://se-img.dcd-production.i.geniussports.com/9aa211ed67fde2296a72371083646396L1.png,Unknown
Gerald Hannahs,75,210,Little Rock (AR),2017 NBA Draft - Undrafted,United States,534,,
Oliver Hayes-Brown,82,210,Melbourne,2022 NBA Draft - Undrafted,Australia,535,https://se-img.dcd-production.i.geniussports.com/334d0b038431500640c8227817cf0c06L1.png,23
Robbie Heath,75,180,Melbourne,2022 NBA Draft - Undrafted,Australia,536,https://nbl.com.au/images/person-placeholder.svg,Unknown
Ariel Hukporti,84,250,Stralsund,2024 NBA Draft Eligible,Germany & Togo,537,https://se-img.dcd-production.i.geniussports.com/d722217c299880b0846d05c32911a309L1.png,21
R.J. Hunter,78,190,Indianapolis (IN),2015 Rnd 1 Pick 28,United States,538,,
Brayden Inger,80,214,Auckland,2021 NBA Draft - Undrafted,New Zealand,539,https://img.wh.sportingpulseinternational.com/c1c86070566305821bdc8e3260362fe2L1.png,24
Bul Kuol,79,215,Canberra,2022 NBA Draft - Undrafted,Australia & South Sudan,540,https://se-img.dcd-production.i.geniussports.com/0eb625dc5a9501959fbb4950a85c525fL1.png,Unknown
Sean MacDonald,78,209,,2022 NBA Draft - Undrafted,Australia,541,,
Max Mackinnon,77,205,Brisbane,2026 NBA Draft Eligible,Australia,542,https://img.wh.sportingpulseinternational.com/4473e4b86731fe6b1d0a88aa275893e4L1.png,19
Joshua Magette,73,160,Birmingham (AL),2012 NBA Draft - Undrafted,United States,543,,
Makur Maker,82,232,Nairobi,2022 NBA Draft - Undrafted,Kenya & Australia,544,https://img.wh.sportingpulseinternational.com/60c2db75053b38afd68a9e6ec88fda66L1.png,22
Matur Maker,83,205,Sydney,2019 NBA Draft - Undrafted,Australia & South Sudan,545,https://img.wh.sportingpulseinternational.com/b0428281b7a856172da908ff17538689L1.png,25
Manny Malou,81,209,Melbourne,2016 NBA Draft - Undrafted,Australia & South Sudan,546,,
Nicholas Marshall,77,0,Adelaide,2022 NBA Draft - Undrafted,Australia,547,,
Jeremiah Martin,75,185,Memphis (TN),2019 NBA Draft - Undrafted,United States,548,https://img.wh.sportingpulseinternational.com/9c1ce90938c5787d2c480d92cb4b7b1eL1.png,26
Tahjere McCall,76,190,Philadelphia (PA),2017 NBA Draft - Undrafted,United States,549,https://se-img.dcd-production.i.geniussports.com/de7072bc80464ba2e952ccf638c8c84bL1.png,25.0
MiKyle Mcintosh,79,235,Pickering,2018 NBA Draft - Undrafted,Canada,550,,
Nikita Mikhailovskii,79,178,Nizhegorodsky,2022 NBA Draft - Undrafted,Russia,551,https://img.wh.sportingpulseinternational.com/808d2b283d56447557feaab543493982L1.png,22
Iggy Mitchell,76,201,,2025 NBA Draft Eligible,Australia,552,https://se-img.dcd-production.i.geniussports.com/2ef4cd41fa412b1e4bf2874e731b6157L1.png,19
Isaiah Moss,77,208,Chicago (IL),2020 NBA Draft - Undrafted,United States,553,https://img.wh.sportingpulseinternational.com/c0e581b7651eac7624f5fe819697aa4bL1.png,26
Xavier Munford,75,180,Hillside (NJ),2014 NBA Draft - Undrafted,United States,554,https://img.wh.sportingpulseinternational.com/da1a3752a61fba04f056be2c913b0286L1.png,30
David Okwera,84,251,Melbourne,2024 NBA Draft Eligible,Australia,555,https://se-img.dcd-production.i.geniussports.com/7aec19ef56590d86bda97504beadb303L1.png,20
Lachlan Olbrich,82,0,Adelaide,2026 NBA Draft Eligible,Australia,556,https://img.wh.sportingpulseinternational.com/0b1d32c908020ab168067606d31cd2a5L1.png,19
Jock Perry,85,250,Melbourne,2021 NBA Draft - Undrafted,Australia,557,https://img.wh.sportingpulseinternational.com/08178c014d88d25608184573f9749c3aL1.png,25
Zhou Qi,85,210,Henan,2016 Rnd 2 Pick 13,China,558,https://se-img.dcd-production.i.geniussports.com/9c9afcc02ef29b80833f1a73f5f3d983L1.png,27
Chasson Randle,75,185,Rock Island (IL),2015 NBA Draft - Undrafted,United States,559,https://img.wh.sportingpulseinternational.com/e49eb717cf29151295c8756bacffca4fL1.png,30
Xavier Rathan-Mayes,76,208,Scarborough,2017 NBA Draft - Undrafted,Canada,560,https://se-img.dcd-production.i.geniussports.com/3a969ccb3c0363a36a5c47d96153abb1L1.png,29.0
Duop Reath,83,245,Mirrabooka,2018 NBA Draft - Undrafted,Australia,561,https://img.wh.sportingpulseinternational.com/4021297534a430451c11ce9126ff1341L1.png,26
Taane Samuel,80,232,Wellington,2021 NBA Draft - Undrafted,New Zealand,562,https://img.wh.sportingpulseinternational.com/5b4999886af33f08944d1e97f86efb5cL1.png,24
Koen Sapwell,75,183,Adelaide,2021 NBA Draft - Undrafted,Australia,563,https://nbl.com.au/images/person-placeholder.svg,Unknown
Peyton Siva,72,185,Seattle (WA),2013 Rnd 2 Pick 26,United States,564,https://se-img.dcd-production.i.geniussports.com/54fbd43831c8f4c6d48aa2dac1382e52L1.png,32
Steve Taylor Jr.,81,240,Chicago (IL),2017 NBA Draft - Undrafted,United States,565,,
Sam Timmins,83,265,Christchurch,2020 NBA Draft - Undrafted,New Zealand,566,https://se-img.dcd-production.i.geniussports.com/ccf5fd811c3f6756f45b3d5fcb3dc113L1.png,25
Zac Triplett,77,165,Melbourne,2022 NBA Draft - Undrafted,Australia,567,https://se-img.dcd-production.i.geniussports.com/e01d8a1340d96cada323e5d15f67f178L1.png,21
Todd Withers,79,216,Greensboro (NC),2018 NBA Draft - Undrafted,United States,568,https://img.wh.sportingpulseinternational.com/08a8271b7155fdb78065c39973abdcc2L1.png,27
Stephen Zimmerman,83,240,Hendersonville (TN),2016 Rnd 2 Pick 11,United States,569,https://img.wh.sportingpulseinternational.com/e41e5808a88cb4957b97b219c993e3cfL1.png,26
Kyle Zunic,74,195,Wollongong,2022 NBA Draft - Undrafted,Australia,570,https://se-img.dcd-production.i.geniussports.com/3040327ea4010f052e5ba78c69c643d2L1.png,24
Jack Andrew,82,242,,2023 NBA Draft Eligible,New Zealand,571,https://se-img.dcd-production.i.geniussports.com/a41201ef514bf23c849273061d512a1eL1.png,Unknown
Grant Anticevich,80,230,Sydney,2022 NBA Draft - Undrafted,Australia,572,https://se-img.dcd-production.i.geniussports.com/31ff3ae954ae1c95db9710552534b7a8L1.png,24
Jonah Antonio,77,180,Perth,2021 NBA Draft - Undrafted,Australia,573,https://se-img.dcd-production.i.geniussports.com/f9644ec2603c94620fc912e1d4d34771L1.png,26
Aron Baynes,82,260,Gisborne,2009 NBA Draft - Undrafted,New Zealand & Australia,574,https://se-img.dcd-production.i.geniussports.com/95f236e14c5ef5c13650cde083e6a092L1.png,36.0
Malcolm Bernard,77,205,Middleburg (FL),2017 NBA Draft - Undrafted,United States,575,https://nbl.com.au/images/person-placeholder.svg,29
Jayden Bezzant,74,185,Tauranga,2020 NBA Draft - Undrafted,New Zealand,576,https://nbl.com.au/images/person-placeholder.svg,26
Jamaal Brantley,78,215,Columbia (SC),2016 NBA Draft - Undrafted,United States,577,https://se-img.dcd-production.i.geniussports.com/677072ffa7f257dab45418d14ff6f270L1.png,Unknown
Jarrell Brantley,77,250,Columbia (SC),2019 Rnd 2 Pick 20,United States,578,https://se-img.dcd-production.i.geniussports.com/365241570cc6e252bf30f0963d54acccL1.png,26.0
Barry Brown Jr.,75,195,St. Petersburg (FL),2019 NBA Draft - Undrafted,United States,579,,
Walter Brown,74,182,,2021 NBA Draft - Undrafted,New Zealand,580,https://se-img.dcd-production.i.geniussports.com/e8b038bac1bfa3949dd856f5325a5749L1.png,23
Gary Browne,73,195,Trujillo Alto (PR),2015 NBA Draft - Undrafted,Puerto Rico & United States,581,https://se-img.dcd-production.i.geniussports.com/fb982aa698fe61771571c27408dbcabfL1.png,30.0
Jordan Caroline,79,235,Champaign (IL),2019 NBA Draft - Undrafted,United States,582,https://se-img.dcd-production.i.geniussports.com/f112e9c39e3e084c2d4717cdfd6c4520L1.png,Unknown
Hunter Clarke,77,185,Adelaide,2023 NBA Draft Eligible,Australia,583,https://se-img.dcd-production.i.geniussports.com/1482d4f8913b8e49f623a6dcaffc22beL1.png,21
Joshua Davey,78,0,Perth,2022 NBA Draft - Undrafted,Australia,584,,
Lual Diing,79,204,,2022 NBA Draft - Undrafted,Australia,585,https://se-img.dcd-production.i.geniussports.com/3acd3526cdd85dbeb502d9288a44b149L1.png,Unknown
Milton Doyle,76,185,Chicago (IL),2017 NBA Draft - Undrafted,United States,586,https://se-img.dcd-production.i.geniussports.com/8264d0bf7e738d91af0695f24750df3dL1.png,29.0
Joshua Duach,77,190,Melbourne,2023 NBA Draft Eligible,Australia,587,https://se-img.dcd-production.i.geniussports.com/073cff267ae6fdbdaac2bad63efe9c85L1.png,20
Dan Fotu,79,225,Auckland,2023 NBA Draft Eligible,New Zealand,588,,
Gorjok Gak,83,235,St. Clair,2021 NBA Draft - Undrafted,United States & Australia,589,https://se-img.dcd-production.i.geniussports.com/5578947760657c00bce4bd0baf1eb2edL1.png,27
Gabe Hadley,76,200,Melbourne,2022 NBA Draft - Undrafted,Australia,590,https://nbl.com.au/images/person-placeholder.svg,Unknown
D.J. Hogg,81,215,Plano (TX),2018 NBA Draft - Undrafted,United States,591,,
Fiston Ipassou,77,0,,2025 NBA Draft Eligible,Australia,592,https://se-img.dcd-production.i.geniussports.com/69d9e5af7a05ef63539c08dcb182a514L1.png,19
Matt Johns,80,230,Geelong,2023 NBA Draft Eligible,Australia,593,,
Tyler Johnson,76,190,Mountain View (CA),2014 NBA Draft - Undrafted,United States,594,https://se-img.dcd-production.i.geniussports.com/4f2b9679942489deff6e7ad193ef43e5L1.png,31.0
Trey Kell,76,210,San Diego (CA),2018 NBA Draft - Undrafted,United States & Syria,595,,
Rashard Kelly,79,227,Fredericksburg (VA),2018 NBA Draft - Undrafted,United States,596,https://se-img.dcd-production.i.geniussports.com/b27603bd8adf10d60670ea9001f9df22L1.png,27.0
George King,78,220,San Antonio (TX),2018 Rnd 2 Pick 29,United States,597,https://se-img.dcd-production.i.geniussports.com/7af011e098cce8a2ebf1dd5e79e2806bL1.png,Unknown
Marcus Lee,83,225,Antioch (CA),2018 NBA Draft - Undrafted,United States,598,https://se-img.dcd-production.i.geniussports.com/9205b361cb8f40148a6613504a0236b8L1.png,28
Malith Machar,78,170,Adelaide,2023 NBA Draft Eligible,Australia,599,https://se-img.dcd-production.i.geniussports.com/b3a5b74a28644fc216418c94368bca88L1.png,Unknown
Junior Madut,78,175,Sydney,2022 NBA Draft - Undrafted,Australia,600,https://se-img.dcd-production.i.geniussports.com/26fcd0ef4dd015e86c295effbbd78291L1.png,26
Jackson Makoi,77,175,Melbourne,2022 NBA Draft - Undrafted,Australia,601,https://se-img.dcd-production.i.geniussports.com/8b69b3670b7d04d8cc5e835c5cf0bfa0L1.png,22
Makuach Maluach,77,190,Sydney,2021 NBA Draft - Undrafted,Australia,602,https://se-img.dcd-production.i.geniussports.com/33a281ebf64eb18f3e80ebda16c1457dL1.png,25
Brady Manek,81,230,Edmond (OK),2022 NBA Draft - Undrafted,United States,603,https://se-img.dcd-production.i.geniussports.com/7c04dc1db35add3a7d42b6505b666f2bL1.png,24.0
Mangok Mathiang,82,230,Melbourne,2017 NBA Draft - Undrafted,Australia & South Sudan,604,https://se-img.dcd-production.i.geniussports.com/353d399e588d36429505c61c50ae22faL1.png,30
Lat Mayen,81,205,Adelaide,2023 NBA Draft Eligible,Australia,605,https://se-img.dcd-production.i.geniussports.com/df436c2847d652b3693c03d163f79153L1.png,24
Alexander McNaught,73,198,,2024 NBA Draft Eligible,New Zealand,606,,
D.J. Mitchell,80,215,Melbourne,2022 NBA Draft - Undrafted,Australia,607,,
Harry Morris,78,0,,2024 NBA Draft Eligible,Australia,608,https://se-img.dcd-production.i.geniussports.com/1307fac9d79051205a9ba0c2e98f2fb2L1.png,Unknown
Vasile Odajiu,81,182,,2017 NBA Draft - Undrafted,Moldova,609,,
Dererk Pardon,80,235,Cleveland (OH),2019 NBA Draft - Undrafted,United States,610,https://se-img.dcd-production.i.geniussports.com/446468c3ebab03aaf968d9dbf12320b6L1.png,26.0
Craig Randall II,76,185,Phoenix (AZ),2020 NBA Draft - Undrafted,United States,611,https://se-img.dcd-production.i.geniussports.com/5776452cdf368a2f21b86c343ba2a966L1.png,27.0
Anzac Rissetto,82,265,Auckland,2021 NBA Draft - Undrafted,New Zealand,612,https://se-img.dcd-production.i.geniussports.com/fad11013ba525dd58e92e1c6c985650dL1.png,20
Justin Robinson,73,195,Manassas (VA),2019 NBA Draft - Undrafted,United States,613,https://se-img.dcd-production.i.geniussports.com/42641a76470005a54fdcb97ab883a6faL1.png,Unknown
Frasier Roxburgh,0,0,,2027 NBA Draft Eligible,Australia,614,,
Rayan Rupert,78,206,Strasbourg,2026 NBA Draft Eligible,France,615,https://se-img.dcd-production.i.geniussports.com/cad6d86463af9c94a4c92d4642f09f0eL1.png,18
Shannon Scott,73,185,Alpharetta (GA),2015 NBA Draft - Undrafted,United States,616,https://se-img.dcd-production.i.geniussports.com/b146a97ffbb35c8e75148166c1130fc8L1.png,Unknown
Timothy Soares,83,245,Everson (WA),2020 NBA Draft - Undrafted,United States & Brazil,617,,
Kody Stattmann,79,204,Cairns,2023 NBA Draft Eligible,Australia,618,https://se-img.dcd-production.i.geniussports.com/4f31fc0d551fbf4c9b81f70981ba22f1L1.png,22
Cameron Thew,82,0,,2021 NBA Draft - Undrafted,Australia,619,https://se-img.dcd-production.i.geniussports.com/a21187f3ca5ba29ba7b32e8e571d0adeL1.png,23
TaShawn Thomas,80,240,Killeen (TX),2015 NBA Draft - Undrafted,United States,620,https://se-img.dcd-production.i.geniussports.com/47ab1ed7ad22607dfa68e3b5f703f1ecL1.png,26.0
Josh Tomasi,82,230,Melbourne,2023 NBA Draft Eligible,Australia,621,https://se-img.dcd-production.i.geniussports.com/4688ecf99ed5551178e91f8b5238753fL1.png,23
Rayjon Tucker,75,209,Charlotte (NC),2019 NBA Draft - Undrafted,United States,622,https://se-img.dcd-production.i.geniussports.com/6a034e5c85a15698ad85ccff8c8cc892L1.png,25.0
Sam Waardenburg,82,225,Auckland,2022 NBA Draft - Undrafted,New Zealand,623,https://se-img.dcd-production.i.geniussports.com/84c3f59515119828a5a2a12301238446L1.png,24.0
Derrick Walton Jr.,72,189,Harper Woods (MI),2017 NBA Draft - Undrafted,United States,624,,
Andrew White,79,210,Chester (VA),2017 NBA Draft - Undrafted,United States,625,,
Alan Williams,80,265,Phoenix (AZ),2015 NBA Draft - Undrafted,United States,626,https://se-img.dcd-production.i.geniussports.com/a56a555ac15cc2bd8ac9ff9236e5efecL1.png,28.0
